0x41b68202dc64904e09d2e4f0a94879c741f27db2,5
0x701c4e606efa3262385001209d551b8ebb0fe9e6,5
0x5732971b8a9336b28fd27fcf19d9dc1980ca7283,5
0xcdb3c2c1c0f4f8ab403bdf4c396f5a9e4b4f2dba,5
0x8ad52e0beab08faba2c2935f67a7a245237dfa71,5
0x73e60cd967e957bc6e074f93320ffa1d52697d5b,5
0x62161b9a38b1479bd803c3f1d2bd14abf38966ac,5
0xfece3a78855b52db21bf868e0141927fc7e0d719,5
0x92f6d408a4f90c225252de2da371638137bf6a54,5
0xce29d271689326b636b793e2b08999725f8748bd,5
0x11e56a9f0b1be3fb7f5032fc8da996c6dfaf9726,5
0xeb25a146f8f441abc24413999d594fbbb820bdfb,5
0xe41e2e8813ffbb2151f34944f563585644fd206b,5
0x361c23ba85a8dfc0c4999e4447374e23f6a6230b,5
0x9b6961e7b5f7edc42c4b08961a0d454520c11e9c,5
0x0f0eae91990140c560d4156db4f00c854dc8f09e,5
0x41583c6630442d3b6785000a73d63169d09e5d64,5
0x611a0badfe001625529018cf467a0daab5e95d19,5
0x4bfde9c1ab8887452a2a9fb80b6f60e013108ea2,5
0x5be8f739c8ea94d99b44ab0b1421889c8b99b2e1,5
0x8211c97cb2146f8321394e6cbff092c5ee6f4a3e,5
0x6cab818daaf4040476e2489a7ed29ca685ad0623,5
0xbd080863995b7de1b2a7619157fa1c3d8bb97571,5
0x996e1d4ce3e1e558889832832004b2466153adbe,5
0x6e7d60cd6a8f64b9819d7d99320e9b14a7cb1d65,5
0xa5f7a90bad45094aa676f81d580d8b93284e8506,5
0xe29daafd53648c89dbc2c24dd68ffa236f07c7fd,5
0xf6aafb44bc183d3083bfae12d743d947ca376562,5
0x6eaf72d465b1c47996eceaf23cda841f8a3abcca,5
0x074fdc302f8d3c0e8b11c80f2a07bf2a3b8ca855,5
0xe74ca58ef724b94fac7f2e09e2e48536a5c1ad03,5
0xeb8c3a86f7fa321f07d6f407270305522b615681,5
0xdca043d1aa8061d6577b361de32f6ae552b30339,5
0xb19810efbef1fafde517f0794246a973a5568166,5
0x74b1fb056114900f9a4557e6fc982b32cd687fbd,5
0xe4c8efd2ed3051b22ea3eede1af266452b0e66e9,5
0xd4eaa41ce286518e3fbc0f09fd613347fc4c6c20,5
0xbd2f02451e6b79556e4e3ef43a7f386bbdbba920,5
0xbbdfe2f5ecd3d095546dc13f6974ff0599a7b116,5
0x0e63d7e489363028e23a6da417d5767f9e399246,5
0x0f4bc970e348a061b69d05b7e2e5c13eb687e5e3,5
0x3720302e025cf81c8d18ae98dfa44eae665e522c,5
0x9f80828cb24c0b03e67b44fdab3fbbf3754f2a9b,5
0xd863f699b49f0a1d62142a2e5914f08b1620583f,5
0x303052148a78a692d7aa89bad454f3e91785488d,5
0xef87243fe29c2453f87549e02982108a3b832952,5
0xe94e70757b81bf50909695cb403033f7861b5099,5
0x3401ea5a8d91c5e3944962c0148b08ac4a77f153,5
0xac39d3552add3fdf150a6cfad447ee20460586ee,5
0x07bb4db018625889ab95d61b1769c18c231923a1,5
0x1998f627ad0f5904165b1796c4b111492365dad2,5
0x1cba5cd08a28f1c4c6fd463921a64a437a8f5905,5
0xaca33f66a75a4b3eaca437696eaa5359fbfaff2d,5
0x59e2337d163a7e7694f868b6e503400119e11e54,5
0xfd41bef1fd45d7db65fb8f4cd3804e4c8daff6b9,5
0xfcb33fbe33e1f0f066b41c24d91e994d8fd8e526,5
0x5848aaeacd1580b7a93cf92651f2d143cbe2d6c5,5
0xd026eb9d57d5856c3e67695fd424132ad2865172,5
0xad6b8fd8435f1fa1023e6b165119734f37a2c18c,5
0x2d19d78b7172464f295c200b18225f566899f2e6,5
0x65217c49f9f1c4b5d468bcbf2942310cff530df1,5
0x6396ef1c07949476aabae95c926872ba2dacdcaf,5
0x68647dda6e001b620d36a6472e975f6405262c7f,5
0xa9531d3b5483bef6fae3b4be62ccd83697ab92b1,5
0x04acfafe348c904f1791bd74db3fe4ec06f8a2f9,5
0x61fd0d043d519f5a2bd05785000f30db96809429,5
0xa7cafd18dd8bc1e23203058d66f89f0f0ee539d9,5
0x400895bc20e1c73fa5e5402b91add541390ab2a6,5
0xace1e41547899bda3db142ca28bc6f6de92e362b,5
0xb3479ac22ab13a9d359c1aa0fdf6f7e3d39a207c,5
0x6ec25dcaaa8c03f85297e487b6422270c24b3f4e,5
0x1238d545fe712ac792213604b0ab169257706417,5
0x412426adf9dc080cc4e2d0d90f12166ef9d75d84,5
0x162bc01387ce534a46279b4f3fe16663d31a99a7,5
0x6da0a1784de1abdde1734ba37eca3d560bf044c0,5
0x48b6f46635fcb3559fd37289256ac72c8425714e,5
0x2f02570f8282fa71e0c27f6a6660efedf853afdd,5
0x78207ab3ad8f6e0430b5457671eb05b09857782a,5
0xb7b58b3f65122f7e94adb4996d65875ef31f714f,5
0xa8d6b42a88bd1aeb61e6b7dce475c964bd72eb18,5
0xaeca1b52ea7b31ebf8ac24495925b7d88582845c,5
0x2c434867d28da51549dff76fb127ce22b9aa46c6,5
0xb585b60de71e48032e8c19b90896984afc6a660d,5
0x6031b736d50f0d4845eb756169e74f7e3756e157,5
0xe7dae42dee2bb6c1ef3c65e68d3e605fabca875d,5
0x2fab0249c6a60d715135f12e51de7c130c26289d,5
0x4378a664686f14109a12cd0dbbab9118d662ef81,5
0x1228a857fd7ee845f4999f33540f6b9d0988e80d,5
0xebb332184ade4d8281eb966f842e976720213613,5
0x478da99a40beb1ab3d20f548c2c46a0a0b049f65,5
0xc6ea338e1ac13fd159662a977d85ca64d861afa4,5
0xb98dffe8f3c069dc265bd18a0ae9f6a7f6f678ab,5
0xfe8f8ba8a349a7ae63dbaede194f2874f2c4d4f5,5
0xbbb61a56af790bc31eef8a99fea278a4fca8d8da,5
0xadc3546ea680e21afa7d5d45dcd03f2f8957241a,5
0x1d552f9496af5d5c4cbd5b812da2ba54aefba1a9,5
0x6fd23df9dfed9603670f503cdca16f78ad7133fa,5
0xabc64317f72e78ed3dd23502a4dcbe13b0e00588,5
0x95644bc72332458538eef11f38f2be555dca3414,5
0x3dc1f9b188ba365ef5d9d6393fabbe4e6d8b17e7,5
0x7c39f7fb8fb1587e3ef4ec2a4e1b3517ebbbb0cd,5
0xd62c014b45a35f78bcf465d75ada029c94fdabf9,5
0x9b1ac8e6d08053c55713d9aa8fde1c53e9a929e2,5
0x4233c93649444871fdb2a5bb63ab548f41e9a71f,5
0xac38f5b743b15bb7a73e16a299a11d349754ff49,5
0x244f11463872c46376502c3ed9a58687663a175d,5
0x3c7b6feb4c21da4460923b1621b9e5be2f40e6ad,5
0x08d2d16d87d21025b3cbba0631d356cf06151d9c,5
0x3f6fa7aebb2e336c5bb355b30eddb8bb964d2d05,5
0x8d44dcdb2868771d168a855bd5c1608d3ee8d38b,5
0x3a00f6171ba7d704f2bb713fd777a9530875fa28,5
0x74737325789e0485dd0f4c5c4a097fbc7b02c8c6,5
0x5cabf9593dc0d2b837a885e37428390165f086a3,5
0x1469385cdf7e7c331962a8b8176c14c2061b0a92,5
0x20f37edfbb8994288a2a21c3a3d341b6bf83230b,5
0x9de33bee1353e65fe86cc274f86ade0439021576,5
0x47d8404fcd1c52e6642c7ed374fab052b381ccc1,5
0x106edec61176b812ab0a9be87b8e818a179c8481,5
0x8f19afe49a55ab5767798785013c88eb51b37497,5
0xc0be1f84c8dfae771925e9c69efd4b9b6d6979e8,5
0x042bba799e017426a7a6f6a8ab733ab7f70dd7ea,5
0xb2d27d738e35799af1094bcfeb46eb089d8ab5f3,5
0x412d9f0421458d6e2736f8efaa9c1ea5352573cd,5
0xfb94865ab40d40be96e97e9a14994912a45e6765,5
0x9cd096c8abe256dedc71d7f50f90f2f7dad77dd6,5
0xaf4807d083287f205d897e6d00c6fde1bf0a241a,5
0xb71a7826ee39b0666ef5f2759f3c0a8dcbf2e089,5
0xd176cdb54852d589fa5c7e593ba797ab51089875,5
0xc757df0da8f462e426136076bf4c0234bed609db,5
0x3c7cb3b81e4ae4122dbc8261d57770f7af750514,5
0xeb334e4056b60407c164ad0b2f045379091b93ac,5
0x3469d08eefe5546ce09806bb2c68e03d2ca526ce,5
0x1675e60b87efcd688de3e00e79739be750330067,5
0xc8ceb4cbcf70e1e9c1235ed6e618109bd2ec1ec2,5
0x363d81817324f4bd57d5a022137fbcfded12589b,5
0xd493e90dffdd4740b11aed8401e6347e405b0c1f,5
0x42b40c18fd55822c03d7966146f0305fdffec556,5
0x4ebee6ba2771c19adf9af348985bcf06d3270d42,5
0x27a30d2d5904f1b24fafb227d9252b6048b97e07,5
0xcc1dd9520afdb08e32b57b35f00cd2e6bcf4703a,5
0xa57876de5e9a0c58751b51f704cf2db517788a6d,5
0x675e21a002f7acf5caa0b12e02323bd4f5af0833,5
0x6c45a98b88b48026fd7bcc7f21d7c35a73c6ac99,5
0xf14bd22049dcbf405beb43b12bcbb7223615812c,5
0xa244482e30822cad556f0338fb1e5bab72890604,5
0x70f7383a9eb7dceff0a51c6f5fd913473a6449da,5
0x79296381bd8690482376fe355e0f68dca8bb6b4e,5
0x22cab81e0fee2bad5b015dbbeb6a374a1b8738de,5
0xfb3baaf969043f70aa448202e35ff9fde02f62b0,5
0x1dd487453622fcf94f60d86da8fa79e90b284b7c,5
0x1016dc63c665ed1389dc2c98b32a2fd48ca4f254,5
0xf60cf8a596b9a0ca0a5b1ee24a5cce15b70103f5,5
0xe72681aee64b958e1f9df7db9eea98d1296bc36c,5
0x61b50a74376a9cd1dabf20bc922017441f9f8267,5
0xc2a9852eb14f7c96218af08fad40a5785f2c92b1,5
0x161b1d3ab6cfd2b9f42ec758fd5a9cebd0808952,5
0x9a0abcd57493935a1fd880b157a0f9784471ba89,5
0x53314ed80d217744eaa3cfa13fea6692d08627ac,5
0xbf2ca7f7874ab1a576dc0ce7a3a8be43d2d189ab,5
0xd9d836ebc67abeec65b29e586f89816dab991f69,5
0x80ba631583380aec185d06f1b28ef8ae4cc182d8,5
0x1e8a2bcb241d3ad860c95fe200c2cc6aed1fa5c8,5
0x0edef718166d6b239f965229c8dd306ea52626e4,5
0x0871e6872f0cdeb32eb013648a76575b4d2dba80,5
0x624d355bdb2a34f7dba8bc86c02317b48b56872a,5
0xb48393dfc231c96abd4d3e46774dccf79f51f240,5
0x48a57ebd0c8d00b10e2c71ea768dbd8f5e8e0e0d,5
0x55038f72943144983baab03a0107c9a237bd0da9,5
0xed09f2b89b09ea5a3451cb4618797b3e7e79a718,5
0x3c1c159560943b86ba45fdcd3a847147a61bc753,5
0xdfeb50f97bb6a660697849ac13645e2e26cc4915,5
0x9f15bef73e0b14b7626d654582e7e04a068918fa,5
0xbfad8f7175e5a5a7d47bfadbce23791779dab25f,5
0x90ebbdcd83b62c5528b4c95c58cfc5c054159836,5
0x462025fd60d1b0a1bb69cbd517249176ff83596b,5
0x741f5fe9064d4d76019f73f42974a4bf37049403,5
0x5b4e5cf3dd2f5f934a74cd5353d853d233fa20f8,5
0x22aeb6f883428f4f6113f74335727beaf77a6a17,5
0x1d3d1a07a17f289b8401838279b91a8022531ed7,5
0x3ade3f238451a8595b5205ce5f16370d7bdbc8d5,5
0x1c8989e6e80137f81d9459310bd4cf7ca1f9f87f,5
0x2a93e999816c9826ade0b51aaa2d83240d8f4596,5
0x31f738a3d3e19ba9f6ab5a355a0a8fc7a0fadc48,5
0x63b7d0006102e672e6936fcfe6197e4c782f51d4,5
0xb2d866297dbc7c7d8ad045c05afb48a95f28fb3c,5
0x13bf616923206ac7f48e722995b5b1b96bf73216,5
0x84b126c2e11689fd8a51c20e7d5bed6616f60558,5
0xac94e0b83367ccb1fe64dc333757f48b07577b1f,5
0x7a832c86002323a5de3a317b3281eb88ec3b2c00,5
0xe4b77842e0d992f6358f0742f8c2cbe955b8839e,5
0x6b070bc9b8d94f6e09868dfc977920634356e378,5
0x902bfdfd5e11e41aae171b585c93ed7a8f194b31,5
0x0a2190d5a2825b71224bbeb5b2a105b1d1bf1620,5
0x57f0e19b71fb8f4decf9ba4b48000b605a10bad8,5
0xeeaf61935c0c48f8f8cc28c381683d7fa2f75e1c,5
0x35524a1a02d6c89c8fcead21644cb61b032bd3de,5
0x8b664e252b7c5c87c17e73c69f16e56454c9661f,5
0x6c16a1a9bbc4e8ba500a467066f083b9cf83349a,5
0x3c6b5aca7024b2b6ad7b8a6fc38288fc74f7a34b,5
0x4ee062c44b6cebed3166b0bad66ce009ed87e6b8,5
0xbf222ca2ef5126affe94ea72903764d52cd12642,5
0x64f020563616fc459c5283236b21d8d226ffa636,5
0x56afe3363fbdec03fbb9920a2ebd730230ff216e,5
0x45f1e7eee9dc2dba7d85f2ec146632dc8db8ce85,5
0xb8cfb6a2121096e53f43321cee704f31cdae973e,5
0x6efa7b45769842f83c926f4403d8a8417596e90b,5
0x0dc020649c25d0ff75f3e20c8acde6f85ff45b3a,5
0xd60bebf712e72c500c45dc7e479261f7d258b5a7,5
0xa14c1670d1cddf37310a9f226a47f17edbab515e,5
0xdeea37565a2fbcacb99d0e11e3080593b96cb54b,5
0xa39d385628bd00438f8a9ba4050a25a0210f84eb,5
0xcfa9abb5482addedf0155ad27cc5a794239401be,5
0xfa7338b968b10e91b57d256d9dad05c4ef6e5841,5
0x0aecdcbfd1899a10f4d589e705f9441102b83ea0,5
0x3ffa1c6e255b962b2f0de4efd83e03419573bc38,5
0xc59292b1caf144f2877a88b120b4e71e48385569,5
0x2ea3acc4ab75b21bf83f694a41be58475062da70,5
0x096242593f508e68808584017a7a60036589532f,5
0x22720ccde7db8141576f844beafcc9c7b7d602aa,5
0x1afa21bef41b61b198b1782d4f806e163c8f291d,5
0x3fd31c21b429c18a7dc15a4da078d2896c25d5f2,5
0x7d096cf619b36178b6121d22d50f7879e90dea66,5
0x16f5617073952daabc5aad5a75000dd29b48ca60,5
0xc598af80cf61539e2df1ed657afac2d7c76601c5,5
0xc8cdf08515426e7e0f5c89e7569b5bec3207d8ea,5
0x5bbd4cd56ae0da6b623d7e9345aa91e287f6eecf,5
0xdce4175ddb823beb43c877b4fbfee4667c012c4b,5
0xc16414ac1fedfdac4f8a09674d994e1bbb9d7113,5
0xeb3e76baa400bffeb4134a8fcfcdeffdfcba4385,5
0x49d62955a8eee8cb8575a8d0671ba1ee1fcc0906,5
0xf9b69e518bc653b20357094e4065a6b32009bb00,5
0xd0d0eaf148906a8481ffd2b9503982af1bb26ce0,5
0xfcd3715d0d22a781052533f06d4aadf7e9502394,5
0x6ef79993a4e6dffd158e47e3c3e372f43c33290f,5
0xd2bc00b438fb54c6366e3f9aa77944755b509b94,5
0x2389b162e4d22ad91b8820da0652f6cf115f33d5,5
0x0fbe153c3e4bfc01bd21b0c35fc80bc0e3aba907,5
0x8f70b3ac45a6896532fb90b992d5b7827ba88d3c,5
0x733b5aa5c32599f5761ffee55e59403dd746cba5,5
0x3ae72034f05af89cc7249d05887a2c70d0c22b41,5
0x0899c6a2b0a84acbf6d3c79efb7c444a3ee11c4d,5
0xcd0fe5ac36e0b0d803bb2baa850a2d1c321e3400,5
0x43cf525d63987d17052d9891587bcfb9592c3ee2,5
0x42eed6182e4f3e37d3ae08a0d2a04c258ee0ae87,5
0x03abc6b18065e3abaa0444bf0ae3dba058258507,5
0x922fb72bf83ca4d997417e5ea8dba3b12ba2196e,5
0xeaab59269bd1ba8522e8e5e0fe510f7aa4d47a09,5
0x2fbf312bec813210187075c2b098d515137c06a9,5
0x4dd5a4d1fcb6f8938aa8ad070aefe1b19e8f9c0c,5
0xc1e84ef02e240ebcedad362b20daa62acf6e92a4,5
0xd7d184fec20a50aa7e522aa2f92971b5b1bb2a88,5
0xda8b6d023d67a81e0b47907e1976050f4290f29d,5
0xdf4572b125dbaef2cd16f1e76f3dd8e7640c2525,5
0xa57bf5ad930e7c576f85f8b134f740eaf0c93899,5
0xe2e9f3e5e6793c313f76076271bfe535cb27f114,5
0x7d330020927d35d7a96011cc59af5161e37cda62,5
0x9e9d02b08bcfba866d58362aeaa09011049df755,5
0x056fc9f87ae27ba058288a4e8264effc7082ba1a,5
0x2fbd6a66cd468f88635d4c99597eb0380c780e6a,5
0x4c082208dd628829769e4aac9bb725f027acd4ff,5
0x0800833a3706db6fbbd846d5d1b9370a79af8097,5
0xe4dcabf77ae589c146c3a6a0db66fd530808adf9,5
0x2e609170205dfec2a198766b5fbfad7bcb4a090c,5
0xf3ab9bcb06bf5a5dac1208ec10ed45532b7c71bc,5
0x2e772969322484bfa5aaca0289590d766e7b9aad,5
0x1cbd934eaf49fe310ba4e27606029c9def0168e3,5
0xd27b149a4238d5dac91209a2d689ce75e51e4bb1,5
0xdae386aeb8848cdafd00f2c045516e30222571dd,5
0x9f290bb26764e479b880c218fefd2922d9ae022c,5
0x95318bb3496ad4c07ef8e67c1c3429b389551410,5
0x0108f918d430758a0b0d8cb8c1e30bf29e2bbc9f,5
0x84aeccde4c9f217e83d3fa28c31d34378b903f91,5
0xa5d0c758192ca5fbdc73ffd5568553dc26da7389,5
0xdae48d7b5c73a95f74caae08f7f92d3b7927f449,5
0x2dc58f7cb47b5bc558b6b0d80a03a921156ba4fc,5
0x4e39795874922b61cf3a6adb3a85d52fa736eceb,5
0x879f3433f972ccfb0674747839c054fd62f0a99e,5
0xc78c3f6cec7d593e0fd931670ca820aac4eee08c,5
0x1ced3dcedeb2bfea8eb4759e49a5f3b6135bbad7,5
0x8cc5c4e70404181e88f92499973320cb539229d7,5
0xb16fd9113c315861b0e543c075400da90451cfa6,5
0x7a1c45dd3a33c056f5994df66a7557bf38e0ea4b,5
0x470d3cb1dcf59cc34d6e9281f6041751c6c3305a,5
0x73a933ea8f818b2438627f220a5fc1b3d51c9dec,5
0xafe6520e39b77158e15b3377c1528b590a887800,5
0x17920c7ee7701fe58d8eb4f5f57ac3947561550e,5
0x2e234ff908b2bac44b3c2130e6394081823cd4e3,5
0x53b581f0f916e09ba07b6204e8720a1d9323521a,5
0x331f9e988d9eb82e7962c8c8f4b965b65863c618,5
0xabcf8f03c82858902cb0f2cb042f300159b8a4d2,5
0xf37770c7b1b926fe9d2b46968ed82af8d0cf6efd,5
0x6d1db4a7e83dae0eee7e95d421722d46d2a7e94b,5
0xaa575b8b8f00f4ea604e58c20bbef9e6f4d5f895,5
0xef80395b4943e1741c92a6f2119eba58cfed889a,5
0x3bcb0fb9d33bb3fb00c34d8040db6c0765507204,5
0x82faab046e03236a09cec632fea6f172f69e44e2,5
0xe6607d4c15498ee4dfcde74896e583b8774dca1f,5
0xde58c7b2335c895c53571a6f237c78b066924370,5
0xd6418be4784f57da87a7b8d69cb6ff6e48ff0c0f,5
0x69d24494328051c3f3ee0480d593e6722eaf5869,5
0xd544b080e7e506a0ab3f72fd1b501a570b2ccd97,5
0x259f962e77262ee8d97cc6a112d0e0321323ea0d,5
0x0af80d3fe4babebcbc991100b5ed5f7e6364d37f,5
0xaaa488eb314d3e009fd4cfce2d0a94d3226eddd7,5
0x0565ccfe332f638a287a2edffa937eb0307922b5,5
0x171e656419d223031c707e9db05fd94fb939bb7c,5
0xcfbaf0fbf61edc1311d256fadeddd37ed426f851,5
0x34002adbd97deeb635249859b314dc4f42596533,5
0x1d932e6489b5e4091ee078db497799237b354191,5
0x49594fb73a7912bc6da5d33a1060aca029907086,5
0xfff5ad9d95b8098947140109dcc5ea042d537eab,5
0x7f5a0a6847fd0fa05c13cbc02f435047b429e37c,5
0xbe857a647d6a5c8e711f716a18c055797cb24d93,5
0x6bc5bca2c80f481af8e0029b53382a096f21dc41,5
0x34b4424f81af11f8b8c261b339dd27e1da796f11,5
0xac18bad4072a8dd2f5f6ac3dca06d0f4bec43e6b,5
0xeffb833a4a1edbdaeadaaa688151d2569a060a3e,5
0xc4d598704ad40a8efeb1a6b0db9aea2bd37231ae,5
0x6bf50bc9f149c43386e36fe03adc14e798ccc140,5
0xcac16221fc3ceb054a028e6d1dc03b5e1b95b08b,5
0xab516ef734cf9b0a976b22e79eed7b48e4f9239b,5
0x2d20653c0c4e736f653643040312780edbad54f2,5
0x9a44c4ef3c1589e3646a293ffb4e81d8a4fbdcd0,5
0x51582e2c703b0d7c745c6a4ae0336c98c3c41802,5
0x12559c6f974f0b9a277272f2e19882906413dfe1,5
0x4db58117b7a4a6b336c11598a5b8a1bfac467eec,5
0x2672125fbbbfc8b5a9e22d4146ac918732f0948c,5
0xd811ee46d519435bbee1d089100372c8b0f954f4,5
0xe4e0686af9ba6ee8e1d060242e4f3bb368856164,5
0x1b75fc0b0ad3ed55dc85fe1e3577b9c9ee94d685,5
0x0b79522c8e38e9a9de35ab270cd2cba71ed3be7d,5
0xbd4d581a3912ca3afdde3aa515f22c1ab965df99,5
0x4365bbcbc6ec28e992269ccd1a5fb46bfc7bd2fc,5
0xf983557ec70fbf1a4b1e247af7bf10247e9b69c4,5
0x47144372eb383466d18fc91db9cd0396aa6c87a4,5
0x073cf670ad2cf0e048924ac2c787903e76a0f389,5
0xa7b5ca022774bd02842932e4358ddcbea0ccaade,5
0xd19eccefe32d565c3be419a8d26b685d985f2482,5
0xb57dca12305063f1a3a517f113660b35121c7543,5
0xd05e5fbdfa5a670061b972aa9c56b5e88e30ceff,5
0x7823f17105f6d917d85bd6fc3c6628a9e16a0b2e,5
0x009175f356cec7b5d62d91bf4b48bc96b8d6436d,5
0x302c8b11c4af766d5c03e27a8d7589c17540bdbd,5
0x5a77b2d05afb67eacd8f9c7e98692dd1e2883cb3,5
0xda03dea9bd4c4a0a8e43f20ea6657d234312ecb1,5
0x48f22526134ea603150681c822c2db79abe545d4,5
0xc675269489344b31b3686a09dca776c71583c770,5
0x100dea6f4ed670cb883298b45ad1df6202619e45,5
0x620b8ba57883e6442f7af26c4beda979ec0924a2,5
0x70468ac6bd928f00215f16f206d0ec01e7131ddf,5
0xd4d01bf97ad40fe40a2563891d079c07187f2920,5
0xd5f08544a6d76102b7974ecd4a65a98ed2414860,5
0x19b38c2d21ec9675539445fe8d6e659cc4d244ae,5
0x37bcd9d9a72b5ca08fbef22d5d4d20afa82565a1,5
0x15ef02be250a8752cd20d635dd1cc87eb4203758,5
0x66e26b9dfff7af4998c7049bbe5cc05f4a19bdd7,5
0x32201aafd9ccf4aa5ebf49d03c47707b8109cf71,5
0xdb4b544365eefb646b0ae354d5e16486ac4e5f59,5
0x010fc1eb649b828e298ebf39dd581b04c9e33b8f,5
0x13a716dd20763000cbf87f999548c3d67f936d35,5
0x09e67ff60d15a6ee730f9aac94c1139fcb954fb5,5
0x91fd3d03e31b0a424381de90cb0d575d581a308b,5
0xf86a588f3604e3b12899f710e3d572f76ffb94b8,5
0x5f6e58c96fb96e46a3fc80cdfea8a99b05546758,5
0x7ba3d1c4f46516fb975fb012f7db04381188e907,5
0xe3a1d3beb0b1acfcadfeee150a2d08da90bb56cd,5
0x7a6917030b7ac7094bf50c22fc97302b6f6f4c36,5
0x5400db91661ad2b2a5664caaf81c5cae8aaff514,5
0x1715ea00aad30b6c80b61b77b00c2b4c2e83d850,5
0x2687b8f2762d557fbc8cfbb5a73aee71fdd5c604,5
0x16617a533fc053f24404d72b8d388f097c2c8926,5
0xdc0b3127a71367227311f02fe4dda2a6ccdbae78,5
0x1142184c427c843172c14025df52501536cafe26,5
0xd67c34408aee65258fdd82353409d54a35f51b0b,5
0xe99313d965f7684039a6fcfee616e50f5bd56ba6,5
0x3500ff7267c8f5b9f27b65ca9bcd7e8487888682,5
0xae709f0a252be281d7b632799767ef180ea2bc57,5
0x1f575360c38a0947b92407642219ab9d5ab44d9f,5
0x43f6a3890508753110e7397866aada017630134d,5
0xcbca506801bba0826f6110a9272d47902deb3250,5
0x53dda0a69992b87e51f0f14b1337281f09a2c8da,5
0xbf5aa87878c968c9d062f51cabd04b66023c8e36,5
0xcc03c4ca24abab228b79fc6f98834a6e5638336a,5
0x0f2058820d061e22e709769660ef064555a5e29b,5
0x12155b6fc8c3e4f8c2524cc3ee829ff7310c6902,5
0xd7b9db05aca00dd59a2363312eeb455169fc5c4c,5
0x9b5af1cba88223223776d941ff75f64669364c1d,5
0xb1672a8dd144c0ce847f7f3c91ef7dc6fb539996,5
0x29ab273646be01b60a1da50c4b94091951868248,5
0xf3c7e9850d19f9559e1716d1082bcfd143b307d4,5
0x9f69eb53885a1a12946ce9f4996b86740c27f675,5
0xf63f8918fcefa5d01d98ba61b09547352fb4ab6a,5
0x99745b84e2ac22ad473106c530e70c3fc8ce9d8a,5
0x5eb03ce22bd2313139f10d4155bd8d6ad2ff685b,5
0x10a5af488dc2f3de87d7f82e28621dc10747507d,5
0x277dc37e0db20b50e379b1b0ea57581ac9b1b218,5
0x0ae8a421e5cf4775310d6339a4be20552bff7080,5
0xf7b4ff31422206ec4eb427e69d27a9b93fac0c8c,5
0xfce06794701c67c422e7b84d3e58f9d121fd4482,5
0xa8b5370cad1663aae1e4f182870b60e9762c27b7,5
0x3fd335594e943de8dad80fff50854cb2d1db6924,5
0xbc2a97e602bea2a342f2b827c0dd0bee9406f182,5
0xb2e2ed363aac531b8a0f93a02cde7abf27f32daf,5
0xa80fa28991740b331ea6bbcf42c76af2881b2835,5
0xd8906d1afca3bc473d9b91bb5209489636d4ab8d,5
0xb911387d049425c97776db1e408a1d3d170bd551,5
0x8baf7d7cb6881350c86ff56066719ac5b00ecb25,5
0x2b2894d4d1e0233fdda02246371b9e37bb18e10d,5
0x949e2988b857af2a3c9429e763d13202b7b25c88,5
0x49c08159de1ae3a8b2d5cc7baa9a23ba9e96910c,5
0xbb498132646f88bcb2ef197d5549c29c647ed3c0,5
0xf7241b73bdd904f5f619dbb424077f8707dadd55,5
0xf1c94de4ee99041c1e7c8e49135c95ebfe51db1b,5
0x74cd4da33a678b760ac7436e143b03efbae3f5c6,5
0x1999339fb7c95ce8d4751e0a79383f29259143e6,5
0xdd08d0be9ea5b56ba78540357aeade85ef339ca0,5
0x01a4bd2216885025bbf003d73818e534679e7e04,5
0x7fa802d22620046e8385b8681458a906c7b73626,5
0xf80254dc7bff4b4fb47241ae852e1407f8dbd38a,5
0x70708ae84455018b45b6f3ef24ef0f761331072f,5
0xdc902ce542d9bf0737a3d73c02eb8871af699618,5
0x1e003c5ee5f1a83a2b66caedaf60b48d3e101b71,5
0xc0d4a42dd3cf5ac320d82e20a1285b50efe26615,5
0x66a98ee96f9301b588d8c173045651ff7ae16c2b,5
0xd4d84b387df55549303a911e83a84233561c6228,5
0x270af9dfbec2d7085be33925ea04536a90a00a86,5
0xc097c9040be2ec999feacf744d174d414ddf0ec9,5
0x313fe2f013b5ee2e2aac09b59462464db56f7680,5
0xfc2b322799db5b892805b250347083c749b61d9e,5
0x1110c4f226e8357616a94b835ef30322940d40ed,5
0xe0c987b6384acea3324b03965fd2e70292b0d8ce,5
0x50d12e66195a67c80531f251ceac41e7e5e67340,5
0x0d1d74535bcabda2da2cff5a53c2b899901d423b,5
0x9d88921e91718302b6307458a6d0a22b01620e74,5
0x9e2482637d4a7e126eecca58e0c901d150d6ad55,5
0x35c21afafdabffe8c7d882dec8d84fd071bf31ca,5
0x79622994e37c08f20cda096c2225ec14efd4c701,5
0x1994bce3888fb911f06ffb697011b93a95d9cb29,5
0x7f0d283de435165957bdcb1d8384715003157319,5
0xb04e7243abe8b66d2a46710a4f09605181373e08,5
0xab4ce2a08cbea809692218dd7841f681b80069a9,5
0x49828dd70549d087b9a0769448e5239696d34893,5
0x8b9067dc5da386a8653a9ee953c2b57afc65f5a7,5
0x231595e3673a10e846803194f4982e1cf3389161,5
0x700182997b8eae76626acb9e866c7f45b11a2a76,5
0x270c943a37a8a6bc2845a846e33e24ea0c96abd0,5
0xd88227fc237177a9692e1fd34bae5d4aee7a9e7f,5
0x1cb3403b4fefff13e6c08ad938f3606774b7d279,5
0xe4f2d8f2b97c165e508e1f4d71095efedfbcd88b,5
0xc49fdb43ee7829c4e505071d7370182145091c6e,5
0x0ea172c6fc3558b67590c295e016ecb00241c6f4,5
0x625ceba7f2fa59a6b10cfaed5c54ebf3cd0501f6,5
0x8a7c07154908a1701f61ce2ee1b81fe4eee4216a,5
0xa5508bf93907be3df07989f04c1a05288a87d244,5
0x5a4826fa7960a108764e5517c3650e7f46376fcb,5
0x551f35ab7ca210a3f4e64b6e84c763e4bdc907ef,5
0x85ba2658a08dbe2a86507d2459798255dfe9327c,5
0xba442b23d744b7704941799613ff51b99b98c8fb,5
0x0f5753c326988bebdd495ff2775ba3639be64112,5
0x59a7d71d42c031446bd1cbc0dcd272b9bd6d289e,5
0xeda22fd00af480421702427f176c818f46ff8e20,5
0x998f96b3f67dd1388ad17d3923f07bb928713862,5
0x5154dceeadd948111678616de0394a4544e3abe4,5
0x567c682c4c4d4e961be2e7765aff74bc91ba1a93,5
0x61595dc46397a61795ad42c60328958305248228,5
0x1902a2f671a758cac0fe422f061e3e6ba00ff7db,5
0xc3150c77428542bb64a7a2199c33b1bdbf56b386,5
0x08a6400fba143376b5b7d937861fc5089741a99f,5
0x5546fecb516d0a342107a5324666b07f73bbf707,5
0x7cfcd414ee0741ed9ad0d3a8622a416534b596b2,5
0x3219ac7e73205e4b764d235375d89d92bc13244d,5
0x0bd976f5499b6b5d5799b6b3365e774f81d66f62,5
0x60dd7313afa4a59a78cf885be5de99c594d6e49d,5
0x702aa2167e135d17861c7d2465e18db332547c21,5
0xcf58376e56cd8732e61f32d6fb8d9f3e82007ad3,5
0x68001ba39f859dae0f62ea77724aca9a561cb710,5
0x536403976c1cc6ae962299cff6d5d6f74d4793da,5
0x62dfd8540a6aa1526807ed76ce47da59f4b73725,5
0x41cdf42b4d22b3edfea997a2f03f32b156b135a0,5
0xb5d5b38e2fb7fadb3d2805b9855564c2288c102f,5
0xa471bec9910c5b395b3133d7fcb7a1264d858249,5
0x4405510a8869cc02de2c7c39df399ed968bf7c0b,5
0x781d84fdbe74670e62d95a99a5b9d05ebd162d1a,5
0xae70540e6d8432e68270e0217efdd26720267efb,5
0xaa6321c45fdf4a90970ad7cd94439905f03ee765,5
0xcc9f512c8a0d4727d95e55297d5a7cecbc65e837,5
0x3bd953791558167fc2fa21b92ae837876ef647b2,5
0x331f5e9053c12e4c6bb903b2f6fa3fb74f0084c2,5
0xb7db8d8d3ec42b227a7b1e3bcae6a6afb873841d,5
0x3746e0cb0732cb701c638f9f15f42d16f0a64436,5
0xd8d6af927a056ddbf3d9cdcb0d84cee7a671f356,5
0x6b604f5234cd49d0a63d3f137f702739859d3748,5
0x5c52e8b145a91a1aed7bfd7573f7ea3afb9d3692,5
0x132b87d5b45466dc92e08006ab1485c4fd2b9703,5
0x06470aaf2bb3f3035a2870fc5b8ad07f4659a2da,5
0xbbee863532ff326e1950a59148ddcc9ab61987c7,5
0x7a16e64870bf3d64a63ec28511830845b4ce329b,5
0x618d17fa59c67aea20a88dc75d4e28e728a6ff28,5
0x117ae87182cf59aafc80224d8a01893465259762,5
0x39dfeed68d0c848f3927cf8d01663ea639ec5b3f,5
0x079049359474d0ad71406c165d4dd0041660567a,5
0x593d9af48a7b195d7a5d215a70459b19f0334af6,5
0xefa80a25527fcdde37058aad50983f5c5f72039c,5
0xd787001237818c10614bc6cef5d39ccb0348a9da,5
0x9e1180c4394b324e4bc6dcaa106b491f6723f4cd,5
0x07b4529ba0dd7472590629035d347db1bdb4b70b,5
0x3e12af3adf98444da04fa3432287faffc54c1ed1,5
0x81bb44f2b0d308384340b117eb249224eaca5972,5
0x1bd9582f085b2f4575ffd53dd5c9ea328a677191,5
0x3b8f7c4d810d3013ca8f5b4e9704029e848bbe9b,5
0x8cf20ffd8f9c777768cbea6319d7a879ef44cc89,5
0x5242b53acbcc7af95f022307af0a6cb9677e5248,5
0x67e45bb1359c580d04264619773d2b7b26092b02,5
0x12e54bc919ba8cb3bf9ef18926d8667ede2f436f,5
0x8097357f144552454c7f80e9d8395ffbe9e905de,5
0xc39e5a0018bd6ec6e04a25e17daa7ec09042ac40,5
0x7ccd2ee72a75f7e4776f598c1be11a119fd8d191,5
0x505d97bf096201c186ca9d2c48474cca5aded2f2,5
0xc3f706006f400092ca0165e9f55ffba6ffcf12e9,5
0xc58adc6945966c04c74efc5a045fec55a03685bf,5
0x7cefc3978751d1cb623e031ef8752720f4b382ce,5
0x0efcec3ed57ac7b3f4442234c1e2fbda9f000d17,5
0x6d147552748e2063df2621988f185f7a6992e438,5
0x1cabbc0831a548a5e299cf72d145cf4a81d3c291,5
0x36bd6221c2016371c3af00071726578b91acb007,5
0xce575b1e912eb3d42b250a9e24e3754ffaaa491f,5
0x932a9749a8844354448c235971ccb8d0f4e2bff9,5
0x62c8c3615303b7f1cb662579ce12111fd86f1c7b,5
0x5a5617ba16beba3d04ae3c6b1e9d522c1856763c,5
0x764cafc8028c2279313187b4e723106ca07a6335,5
0x9f55481d8fee7f2e8d35293f191697fe7fbfad04,5
0xd17f3327297e431c555af6cde518a05c67d5af55,5
0xc622721e733ad4ef6bbf4d0bfe9655f432ded218,5
0xe33b887ea2f3d608a4733d7d60dff352a1d51ebb,5
0xd9ba9efc69bdbab198587f91b412ae2c83298ef0,5
0x39d588fe133de85df6dd5311454c885d2bb5b1c6,5
0x5134677c95230e3c69ccaf8b1c81c3093c118042,5
0xd7af5ea14fad145b2d9fd57e321d7bf8301980b5,5
0xb51667ddaffdbe32e676704a0ca280ea19eb342b,5
0x21a7e444f97b58998a20463cc65ed44edb9f0f89,5
0xb3cc21b824393ba6e4c00808142b14094d934b1c,5
0xa45fc9c051738f135541f97faae2631cc6167c7c,5
0x79d5427f165484ed4c276ef409a8807b817ff39e,5
0x57dfa643313140b667df0811d7c70f67aa766038,5
0x7f30b4b9954316e4508ed1c2634d47d836dc90af,5
0x399f6227f2716246c904a2d7a573240689071de0,5
0x514c9c91eeb57c0ee6f1c9818758cbd0e4a8cce1,5
0xde6b25bba0742e218771682b83376c7ea305bdb6,5
0xa257263e2f79b4c5f9641257387193e5e43ebca9,5
0xa6fa447bcf94673d1c9d35be0fce01b4af42a373,5
0x288cff9a08ff808915e96283267fb5f7eb278a1d,5
0x16c68a136bbfbff970fb7736344b74a6fb0dbe34,5
0x6f9bd3f712e8dcfb357d1e68e1040117995859eb,5
0xb22da51b44ab4c24d17925849a1cb6aa2806d249,5
0xf3c7e9caafaf5aeab3b5bbac9f681cc4e186621a,5
0xcdaef4d8c38665926a6643e0c77aa763fe1b92d5,5
0x6f66b6ae5c870c39661d8cce14ebe064b75048ff,5
0x6da2d31f358966219e0bb2543e4d2ae44d8f2fff,5
0xec7a7d710d84c9ac5ab8385e5756969d6451b787,5
0x3e973af4618293066eb730179405fbdce04a76e9,5
0x36af40a8090930deda19b4bf577807c57019e052,5
0x7fee6efa3071fb2d627ae143ef84942ed4c8da6c,5
0x10a8f6fcec6ad125b3acab3345a6aedd003ab666,5
0x38f1b6163ab8d2b1b687a63bc3b800363ad01c64,5
0xa136a3abc184bf70de3614822b2a6e6d8df018e5,5
0x303d0e1ec982df5d681f7c5c0d323619fdfb8cf7,5
0x7971e007a4e4d4dc1f8380f5d91d3f52b5e53461,5
0xb1c51fbecee5a397177c934b76acd080c105d648,5
0x142465967d1d29df61b2c53b421a31fbf7091da2,5
0x4032843c796b78eb00383d01c400d6d194860a8a,5
0xe250a6acdb883f48583f7b9a5cc4134bf991b3e6,5
0x834cee2c58b212d37be016f303bc46e8184bd864,5
0x5aef7f04ff4ab2d3048a8b07cb7e1cdc0fc2e053,5
0x8c041a6f8ee5feec7aae6093954bd0953fc1ea35,5
0x29f889fac52a05386073bba0e047f4873c6e0e0b,5
0x426f2901b7457e28f4834a1258a3ad1c166a514a,5
0x1f92bd480f0f9e525fe6e0101a6ac78571c7092d,5
0xf6a1a3c999c80549d4705c44b8242fd42de58e32,5
0x7ad9dd852fc4f6d5b88cb06909a91cad82c66e39,5
0xfd30834e572ee65e5e2148e4fc9fe8bc804497af,5
0x215754d3503a39b2dbf8ad2ae3934fcf084f0910,5
0x161f7c6f76ce2b07c1433e52e2695d3a5c59202e,5
0x3bfdafe279e0ed631e2ff49088cec4037d13ef52,5
0x497ae0c88a9acde323f658ef55a1e6cbaa6eb04e,5
0xf448eb390ce59b1e4c558378706daf0752fc9f0f,5
0xae784fedc1cc1a94e5ee079b300bc5b482290e5e,5
0xb965d6043cc8c016dd47b307f87a0ec0e72a4321,5
0xccbf9ee6b3177ceb7760f93bdd673ed0c6ecf395,5
0x581fa5117b1fbc412d74c3abb1415b205c5d8888,5
0xb3db01f7c678da52358ea04c2db2f8084aff7ff9,5
0xea884574a7b1ce52d0fdc2f4ac4862183d3feaf4,5
0xce797b56f9637aaf4058c38093949aafbf48ef57,5
0x08b6da0c29436f30240ce325fcdf1f7cc3dbffae,5
0x55b2b6c905c119b00a01ed864cb48b55af307db5,5
0xd2be5304333c7c048a9e11af83509f58c6c842bf,5
0x4cdab74f6a863d0c0a1c783b130f02c570046c7c,5
0x19a02cf028ecebcb9102746aff95bff088833bd4,5
0x1222aa274584af877c47dc0fa0be768ac07bfc05,5
0xf6c9144083524fee2404315d879e399a169d11d2,5
0x54dc7ea5b89f3938d52fcd8e4e6b05f3378f3bb4,5
0x5029dfc51f194d5b5f4672fda6a123ff00122e60,5
0x88d14d96aac4293b8b16aa53b379e80c96675ce4,5
0xa11675bd2a1a420932f8534957e49c3c731313a3,5
0xbc1f9e5eaa134f66f8b5a5a7c3925678aeafbc65,5
0xc5501b56f2707adb5d9f9c4679e45d8eab19561c,5
0x26e1c74f2fc8d762da3ba04d2e6e9cca1c237dd7,5
0xd852c1f7861bbdfd3fba1e9634ae343cebb4e7fe,5
0xd9db485876cbb4c909ff87bd3b63ef133b3b1cc2,5
0xaf28657042820df02ccf3f126ab4f183eabebbac,5
0xc33fcef624699f9a64ab62491613a969434af287,5
0x8e3548961748f21670cb5c38a70bea2a400b16ef,5
0x17df9c6a06043a7d2390e8eb6f9eab63edffa140,5
0x251ab3274677741f90234a21a06de3c46e985187,5
0xe500be23314a15c51a5ad43a45b4cee86bdabc35,5
0xc6983a3fa58ad48fb097a0807e538bac4cd9eb72,5
0xd6b9caac72be5a75945569f0ac66a4366fea847d,5
0x8dab0eaf4a0d60e2a04450112bc827a2cb5a1493,5
0x0826cb102de7616823cb19b0038e1af91b262a0f,5
0x2c81ab0993c68629fdcb952ec928f0546b3ae32d,5
0xc2dde074c01ecd70374d6319e2b38aafacd4e15e,5
0x38325dbb2853781a0bf1cf357d6460fe89e95501,5
0xe96f7dfc0cea7e229a18176e85f2ac0d16e96594,5
0x11ce215cb8c501b252c179f187bb158e41e18eae,5
0xe3dfb1bdec6d5832c710154935fdccf79822ac31,5
0xcab4af915606304fabd7adee53acf501b1fe6372,5
0xf80850ae9480ef3c324c0521a981704da65be822,5
0x5c0c6fc64e04af066bf157b889b1f65bc64dd0db,5
0xf695c38e1af676b8fcdb65b80e62d70e28f2b6e1,5
0x07f0e22e58f1dfdf754a57aa99104d417a13089e,5
0x1fc286f6e1c278750300e8f5dd34b977582a6c0c,5
0x44faea28b0eb2fd97b8afa5c17f039c84f46ccff,5
0x89d73de516efa8bff287925f8e593ab668779e15,5
0xd360dde828fa393a9ef820fb61ac77de3323dd14,5
0xbc8492a5815218920b0c28fd558d427d77c91ab2,5
0xacdc434144ce2f9ddf7836c82f4717e5929102f5,5
0xbcc66cf065d1b8a1fe2903dda3b3872acbd08f9b,5
0x0f7fdd0805b2cbdc9e54584e79bd1320790fac7a,5
0x99d8bb02a58463ac29860d23817f319ade7b760c,5
0x4ea669cef66f23053951287999bf6f184c32c9fa,5
0xc2a7ab4de973b6a7390c6e43b684718af2984aec,5
0x6f10073d9154967b209f5c1cf578e42cd7a51b70,5
0x65943494035a4b48c660ea251e6b3266de75b64d,5
0x08cfb23eac68c0dabe3dac49eb191164ff7c9626,5
0x61c9740e6ca15c78959f50d5aa579b9d27e71d7f,5
0x1821bd18cbdd267ce4e389f893ddfe7beb333ab6,5
0x7340b9cb64e254d37fd22867236271d5ff848c1b,5
0xbf7b4130d77b3e8a81260583a7dfd27bdad1d737,5
0x200fa0818666bf4f6bd00e2597c5a3c9219df8be,5
0xa1709ead88b791f463ed8075d5bc1c2a85f8f183,5
0x876b397df857f73307607c4e092663024e81d1ed,5
0xe014b7fe646eb0ae2aef82e9c2a7092986a3f057,5
0x134f240827dd4b047942589998a163a2a1002f1a,5
0x6edd8fa5550e29d47641f969d2ead3decaa29ba2,5
0x0c88f0f125c59cad35c704b8044107f2e51d28fe,5
0xc44b8e353293b1b1221ecdb2dd0f2b5a82679ab6,5
0xfb124d1283568f1b7ed4f0e34b2b9a071b0d18f1,5
0x81e5cd19323ce7f6b36c9511fbc98d477a188b13,5
0xf438f8f008aff430ebb516b9ecbe285d91146c5a,5
0x6450bf3832db8d37a1ae59aa162dbe80dfbb44e9,5
0xc3c05daae54d6d496597fac9403f49ae5b4fb34d,5
0xe033a3590af8200b525d667f402122f2c105374d,5
0x4befc4dcb9096ce83497a21137ffcf85353e314e,5
0xcb879039e0e4f64df03969c99a77c7540da0486c,5
0x75373e261fd8c1b037db62af57332c8f06e0c95c,5
0xce5052edaa831843ed8689a55cbf30147aba90f2,5
0x34d2c39996db222a2499fc00a355830ef28178af,5
0x5bfb376fa44402a1029c82ffd101e14f8678407a,5
0xa8c3eacaa32c9130defbd3764c82ed542ba30ded,5
0xba4d1ffa84a57a7ca0c27de2e95ffc6d3cd75373,5
0x91f0780b4b7a6087a5f839b2e8d0622035507d35,5
0xabb77d443c8f50c3f16cf8ae126941ba9153d9fd,5
0xcadfd22ad3e767ac3db357ce64ec6a8294911630,5
0x25686e6b8edb40b0d938e6eac38430ad2aca19f8,5
0x32c64355d269e28ae9f6519f0810b80af8e29562,5
0x267aeaa0121d368ce3801ab5829ca353e0a564a6,5
0xd1c1beffaf0cce4eb6b92fb424f7bb0f6a202667,5
0x8994b42168db09236c1eafc66caabc422a101d59,5
0xb60d52448a5c76c87853c011bb4b8ec3114a3277,5
0x32276d6426cbc8de23435ea92a16426dfc154f80,5
0x4d95b1ea2a8a021fe98b5d60e5f835aa7ba3362b,5
0xf44174bbd9e77d91bececea17fbcd020eb0f6c39,5
0x8225acd14d2bd6f0ea58047ccdcac080879bbf40,5
0xb31a4974499daad3255206daee7d1f3595fa259e,5
0x70f5faf5794a70ccd32dd402e15746b615d6b0e9,5
0xf3af0d18fc596b9317882592348077b3f9c210f1,5
0xb04b58d902383b11fdbc3c44ff27cd0dfa284d35,5
0x41bbe227fa104517af07bd7d85e19be16167c3af,5
0xe8f854c3b3f8841372a509fa509f6e11456cf711,5
0x6282e24baaaf04c984e8ae7cd0c763709743cf9d,5
0xf396923a852cb675aa52604ecd6489385da4b9cf,5
0xb0253c9c270a2c46be487d366aa9b25bebcb0c1e,5
0x4b3a848338f1312f7d2a77278e6d96d31d67cc68,5
0x335ba5d6ac581a17b6c9f7961d7dc5012c188c06,5
0xff7a752057d8b3444c94347b7195d29384df4e00,5
0xbcdef32f9b7bb843b3144c99511557e8ff8b4a7d,5
0xd584c679a40b2f7eef27c3ad27c777c0e92c0230,5
0xc067c160069e51814fd53e1eaa20079eab2c4aca,5
0xfea710fb904464feeb6a12bdb668e11646aea9b9,5
0x83d6dc79d8609a020f9838d29c3322ae511259bf,5
0x0ebf0cb6e8af4aa51693510d187879cb655d94a1,5
0x1592221ff5c0397a563d58d7f3e6c95dd444b2cd,5
0x3a96d40dbd0f7f7f8ca2211fc4da1d670ddeab3b,5
0x90e027926bb56e57e30b58eb28e87a5d320f7e38,5
0x96fd61202a698ee3eac21e247a6b209ea5ffeb91,5
0x2588247755dfd285d014d36ada4253dbe2b859b7,5
0xf54611a627afa7c00a58569932554372dd3f4b3b,5
0x816ae721f90d9cd5190d0385e7224c6798dad52b,5
0x679d957f95d5076e580c8135696133667970f7c0,5
0xe3954219129ca44658e6f2bee4540e84cd4c0512,5
0x541de0606257132e4ca0e34439fcb6675ce2857b,5
0x3f187934350782e484306db220321ff912fe8b1e,5
0xc1eeac3f95b86872135ca4f4bc27c6b40995c617,5
0xce0a401a42dea87702538353a1df305389dd531f,5
0xa78da959910811f24526d31492c595076e70e5c3,5
0x2215f3e35fc684968bd9e2d0e6906829ae63a8a4,5
0x262e6fa1cf63768c3c59d30b5a831795d22a716e,5
0x18876acfaf008b85429a4ca223b8d8f33ebe7867,5
0xe59ab7d5a0c31b6532457609350c22244765ac8c,5
0xb42a9e77b9fe90ae3f97eeab261e1c6f8437987c,5
0x259331c2188f2fde46d382d23fed9a4e08fd4183,5
0x18221294c7364106c5e37e135f09c28639db43ea,5
0xd5bb51ca30b9ce6f6dd02c9426d4db0a63531ae1,5
0x2192f2eaba393112e81f2bbf9dc414dd649ac7b5,5
0xa762302f1a62b2e7ac330a19d632e8944ed45171,5
0x87412e51dc423495fb5f6e56b0eb81eafcfd7a15,5
0x02ee39c8330d033e9a7da134c7e6eb5c49ceb575,5
0xf175b3873939512ae92ab68f3078e0db5274d42b,5
0xf56eaa0a7cc597aba43d06e37b643ed990fc9396,5
0x7fc630a70948a8d21cd7c7cfa8f203d7b7e120f2,5
0xc64779958ec15aa3f8755c1a0ce581c0bb9b3124,5
0x7c4f47a03ce64caf9bfc15129d42d393db032170,5
0x6d3caac491149cbd9ea20732f6976643c21291ad,5
0x3ecdd58c4af9fed17196904f4f06749cd7fc1f8b,5
0x8be595ea08f4820147c7e8625546f074e088fc78,5
0x4f5faba416f21e9302d469dde4e3519204e17a03,5
0x9593153ae29e4ca3b9fefd1b098dbcf08c443bc9,5
0x73eb2784138238ce4376a39bf5ec7079f487f820,5
0x9c815f1bb7ac2d54e473b58a15345c9dc2630ffa,5
0xa72d77ac791ab7e883276425ffbcd0896a094281,5
0xd94f4f3912f4ab8eba22bd2e47a461226bc9f254,5
0xa9da6d2b707674a1cf5c3fbdee94c903b030d4e3,5
0x10e71c6cee02355a02946ca9adacc6220efe8832,5
0xce02dc9aa145a372e059ea9bb756f9372870e0f6,5
0x8411ca148e1f9d7366af8f370b37b8ff448456e1,5
0xe1759f0cd1358c049e7f64c26e13de9492f9f888,5
0x2c9d56f321fd120009743fef09e2a6110178e200,5
0x8ca283740973170c56ffe68a062c0fff7e33c1c1,5
0x29d8efe538c4476ac48bca1995e404f8a347e655,5
0x1b6e0ef8d845974578e6cd06deb3641c27401459,5
0x79a2b7a14f5b1a661a98694974f630c403a8cf45,5
0x75a1baec3aa3a3b275c0d2227b0d8e05c5d516c0,5
0x04ab2d04fb218b323918376fa0aaa121ef9ca451,5
0x892f4311f028be8a58ad5a5e6159155867816647,5
0x537037c5ae805b9d4cecab5ee07f12a8e59a15b2,5
0x86f0d6712cd1b59ae7d2bd7c7777dcdf3de252f2,5
0x05e1309a1eb96bed906b398af51bcfd5f94cb4ac,5
0x8b5a92479c66c3f8807a5a625744539044e93cba,5
0xd5da374da83bca1feccc46b973d83c3425e6620a,5
0x96ea81a5fa9ef475c5ba167fcb29b9f50fcc3d96,5
0x1f2b8fbc917ac9bed978a5d766ffc61902defb94,5
0x982461d904fc0ef2773b3cda2d7d1a7376ca458f,5
0xe33173117612d12c368925afd4231fce32ade8fe,5
0x7e8354e5c92c841fb727ec0c121da15b0a000b27,5
0x943edf915593da5fe643c85dc743b52da2e901f7,5
0x816b0bcd370352e2988c3781a1eb04811a4f31e8,5
0x738a1f6d79e592f726efaa3b8bef81797f408119,5
0x2888810ce66c60f510579fe2ca27ae4cacffd261,5
0xe553fe5b71a236a8d6b03cbddde8be48c5fc5402,5
0x812fb28e9ff4f9a896eda84f4658dd9ed218cf71,5
0xd209cfa7f31a76a2994c949c3a7ad0415dd83148,5
0xfcfab2e482c7a1838eb5436aa2cb868b182e5504,5
0x7f60718699d3aab90f4164711e7051aa4213d707,5
0x4c8d78e6ca5c0d3e3d93620a68dc03b022de8ef5,5
0x251368c832ca345a7281f4bd963bfb4b1d563073,5
0x7d051304a9d5afb1b2f613e983eabebd149d7006,5
0x3dbabb67652fa73730d012946ec784f67a98d28b,5
0x65ba4f92d7dfa813ddbd849d9faf38a723dd9b12,5
0x4b88a174d73eb41db43881ac01ed972cba24b6c3,5
0xbc72054458f73af307b0804c956906c7fafcdc4f,5
0x5b9eb884a0eb0bd688eaf1e246d5dc41b617901a,5
0xc4bafdc0a6b7c1339055cea9dfd433b28815ae78,5
0xb73d78f0291c6895cb3a6081752b8f5087329a4f,5
0xec89a267b6c80dd6ce86174ac80e159ee43e9585,5
0xbb89e9621ec81e0585686ed0284585d0ac110de6,5
0xbf2e4b7d6d8be16f85b7aea84872ec17f3099be6,5
0xa5430730f12f1128bf10dfba38c8e00bc4d90eea,5
0xa5855f4f40a409ffde3a171eb616926aec5d7b9c,5
0x3cb26a7ed8f04432605a3221a1485d17f7f529e1,5
0xb59a13514e3ae3f1507d13dab65a7ee0abef7596,5
0x5d120e0929dbbf2315c97a4d93067e2dd9128ce4,5
0xf64060bbc83d5c506288214f907a6c32bb78e396,5
0xdb3fca767591985229ad0e847ff79f946575b9ca,5
0x632deb8480867ee288802f967b37b3191f09fd97,5
0x4d7acce80bcb4b22d87eebb71c6d80d0ee7d06a5,5
0x14309fc3f5b25bcb516d4c14663ab8443b7bb3da,5
0xc8fafb75ff350924cfaf970cfdb3e38ab7191d9e,5
0x84e5ef8dd6e057ffd248504f20c031bf1837ecca,5
0xbe61f001a92045155b30bd1c3f65d8a428f1542e,5
0x5ebb6105546f18fad5a15900bf6ab7502c12185b,5
0xf66668363afa40bc3b4ea605e0275947db4127ac,5
0x9e5e33a76d5abc520beedc470069155ed4435f96,5
0x82015a57fcab84099b668a8baa7d2fe453915ea3,5
0xe81f47bf8581a0c8340865f93cc1bb3b6fbc0aac,5
0xd7968bb7d06ff89ba12e5deb8742ba1c558f5db2,5
0xecaf8e3b47a7ca24254c06f062daa3d1b4976a4f,5
0x7a8e90c9a198460d06fdf38099494bfff9439b7e,5
0xfa205120907585d2c46214beb2f27bc496e4235d,5
0x196d1de512a8b696e41a4a2f1989eaa586faf8b2,5
0x5c217cc668b5a972f7df0ee87229dab1024028d3,5
0x85f9c38a44efb45cef47cbf510e6e18cddf2a78a,5
0xed4cf407b4a4913f0507ff6ec2fc5c38161cfab9,5
0x7ce39294d168750d316f370afdc41f39b5734c69,5
0x23f8be5f7f22b552e633eb0b0bb91e91c9c8ca80,5
0x106a9382e0698db45f9ddaa4b93596b4dd33105b,5
0x0e0c0294a62728c99142873a1fe33dc2f3c06259,5
0xc05806bec23760039e7421945538b1fd932d6279,5
0xc7a6968b09cc80a48b7fae3df0ffc959eed9ff2d,5
0x6f88227bb6bf76190da8d2b3ff0e7d7b528abda3,5
0x3c1440b9f9d7b84c80fd98bc2ee378a09fbcca86,5
0xc4076c8f6b1af9047ec9ec1095ba86da68a0c3d7,5
0xb1e4b15635becf67490e687550e9e9f213d022dc,5
0xd306633cb981ae516175be296bc2269b617314ed,5
0x966ab2ff32b2146eaf4335de6d2e5bef9b151a9b,5
0x16486edaff401e24b5b700fbced55f6683d04e43,5
0xd1c2ab335411689da138413f0ff1ed4bcc39f7fb,5
0xf483d9f657fc8bb2b7461366b89d987682d49cdd,5
0x6a1226acae18a0c031bffacc0306f3c27d8d0477,5
0xafa8d4e8a190134c324ae96329fd4481dd96e2af,5
0x28728ea388c23943f5fecebd1cde31db2d3580d6,5
0x4666fd1f89576e2d6fb3f2ecec5eefd3e1ba6b59,5
0xe80863bdadd5bc17db0d7ca47fb5af15945dfcc3,5
0xf0a033f4f3ac6830bb8e19565d8cbc0cc86b3b87,5
0xc74af3480c67845c6dd5164ef7d337885aa40e3f,5
0x4a10db49d36c39934bac4e882e94d268a67dbce7,5
0xed13c40efd7c9e6c01982c5dd438febe932217bc,5
0x528eb6a72d700a967a6ef1be11b57fec8c4f11a5,5
0xadbb802949cca822e558f0c8ea3b4dcee15fa2d0,5
0x7d42611012fdbe366bf4a0481fc0e1abf15e245a,5
0x648c4bbada233003b53848f3368970b9a32bb579,5
0x9838143c70d3699b175767f03248b9475832be0f,5
0xa07a60e5e3a7a85704f5029b7830086719e42f86,5
0x573197861d3b2ced0dcec279167a9fa11bafc77a,5
0x185a2fefd134fdc0320d34e9c0dc5cc995001662,5
0xfaf61b7806971f0aaf7911ac7cf9b4b377a60c55,5
0xad4eefba69e65bce6719e771390f636cbfdb4436,5
0x691f8c0a50ff1ccdd24de1d483492d04644d6027,5
0xa57d7bfa44f4924cf89c6f7377b9866c697e8008,5
0xf9cdbb069c160b44e76ead9b93360b4a551a42da,5
0x0a4115009c2a6de977c0755fa695d526d44f74bf,5
0x784c92becbc433a39f0c82e8a56c4de921086777,5
0x980f0d46ba52cfceea9dc5176ad5369caf7f4d96,5
0x1f5d47e109aff0f958b2b6369c9013bf10362487,5
0xda469a6c78d12996895721fceba62e510b38faf3,5
0x90171e11b1d6f8e06f13b127d4691f55ef0ab895,5
0xccb4e229fc4ebe2c8034960ca9a4b3ae5ef3a7bb,5
0x246cc542b44dd2d0d8a18a29b1b8ca72df5ba9c5,5
0x08359e9691bb743239713213fe4576c2ff7aefc0,5
0x764abe778aa96cd04972444a8e1db83df13f7e66,5
0x0cddaae5cf2817b941eb03f1327c4ee6df173215,5
0xc433058b2900e083a94b78bb2efa463931c8d3a4,5
0x445816ca9bb0146940b802d49ce146787c73b5ca,5
0xa7cf17843b5e54021e0e921dc7ae28128b518863,5
0x0e57959fd12620b96abdee5bfd6bb0c052688569,5
0x01a732f8a476d1c9932ab789c69109db1ce1e1eb,5
0xbd343abe8cf434fa38abc943da48568af151650b,5
0x2734b2ca6b17d6cef497d52cb47727e92391caba,5
0x1459a34762b6401f5fbfa11c55b0f81bda100391,5
0x337a09dd00a6f95697dd14688788d3b09201abf4,5
0xcba1a275e2d858ecffaf7a87f606f74b719a8a93,5
0xc5e982d82ff933da137f657ba5668f08fb161403,5
0x5ae7a789cba0f789549a2b8b2f73dd042c436014,5
0x059f061a8129c6b67318a3767538b33fd44791c9,5
0x1e4323b88a097011761cf12935979a705acbbda7,5
0xcceef0084ddba1970683d5aab6b9d7cbc208246d,5
0x59a5493513ba2378ed57ae5ecfb8a027e9d80365,5
0xefa5cdbb42ff4d3c91cb9924ffd38b581f98e5b3,5
0xa6a9337a22765a7df4696c3d84ddc5021046a33b,5
0x4ba7a675b583cd228fb6ff23232c8dd41cd715de,5
0xaa33cf5513a43d25c215901bc9d96806fcafcd3e,5
0x51fff465eafe02c91ac29a65d4071badf1b79543,5
0x6e71cb5ef53a37d4ff6e42fb7636c32cf16ff6aa,5
0x7779756dc9f66a5f769f34bf0918d6c180783bd7,5
0xf426e1284895d122f008d4dc27575df90969bf60,5
0x52b24becae3fa1036ca0e956cd987d48a8f0e165,5
0xb0244ec7ee22bc98aba1ba6aa0947b29b691bd83,5
0x2431afd252f3599e27dde47551face45971f045f,5
0xe51811009590608be1fa126132e5ceb1168cd862,5
0xc896866e927e6f8a416ba209976115e79fa0a66f,5
0xfe6508436910570e0581c685c06653f4eddf04f0,5
0xb876e9e9d89998a483dc9fbf83a12ecab172ac9f,5
0x630506d9f1d1cf166ecf8cfda2bc3c7bb17b0c3f,5
0x024decf8bfcbc1eaf7ab93e8891e65c98ec8bf5b,5
0x0253850b540453ded7aaf6b42b223d65735d300b,5
0x47836f027d427e78c06f24eabfdd1d2089fdfd5a,5
0xfd21522bb43498e8cfe4b2064bbccdb129eb233c,5
0x621e658db1b67a203187b36df66812aa4337c6ea,5
0xa6633ed4201ba9035ae2dbfcd057c18d68711660,5
0xbb2d60a536ef1187c80a44fe70fa4c559c583ea1,5
0x0e2529219d5618f2893fc49daad4c8c23218f368,5
0xc6576f4430c023efb44bad58a54f29cfde776a4f,5
0xc4627e5c93b5ce0697186ba3b9fb322c8d4c2e1c,5
0xb8ce4646a6fc3d306b7dd8f9ad4beb8aa68f2fef,5
0x103c8b5b5b2468f2552f0a1aa30738bf08ada0ca,5
0x61c112e7435b025a624e393c92d751229b93834e,5
0xd270335499c3721655bf701b9f4a63da1a6b8781,5
0xcf0dd9a41b9b95b82303f3aa94051fede9d8c5a2,5
0xe3a1bf5c6f40758077754767f2b944c6631712ec,5
0x983364836fb1090d4d33059da45e1900da0e1820,5
0x1b2965dc3b1697dd10b7126ec7393d79cda2cf91,5
0x6215e708a7b61f5ed49642f692f28ba09b807725,5
0xd8e5ff6b586f1de24764c5ec69404dd3410e629f,5
0xf0cae0c1327f7faa4aa90b48239f5341129c4201,5
0x2cf30fcd918ca698a0a316584d8733b7874ea465,5
0xf3a07a00d7107a4b9d8441309feee080059b900e,5
0x307fd20971a2299263b8fa32c63fd2202f57f4bf,5
0x4bf7db76757302876d319ab727e26ab66753128c,5
0x6cf6c7bfe3f9ead014101c672821c3954e34acf7,5
0x45e204d04fda4ad85840454abcf1d1be4361bf43,5
0xa6a45f180ff8655eddc761dbeb9e58be8e4d4a63,5
0x05a997f339db1783b2c0e7ca0a0bbecff4e5259c,5
0xb7b9e5d874a227bcba199caba454b65f2ec62764,5
0x94dd12f273e34fc780538522c6bc63006fd432fb,5
0xdf9518bc40f1e54ebbd51922f1f8d451ec1d12d7,5
0x4393b7d5ce1277c3f84c0be787f2d55e16b3b7fa,5
0xe88b1bc93f5711b628e81a50d5143c15b1473bd9,5
0x2c35b3d207f745ad5b17d88328286c49a0ce4d4f,5
0x151e5ade1573cbd54a6cc4312a5e63733a1dde35,5
0xb8c38fb01310da1f152888dd8c81f8084d626289,5
0xbd3527f0c0f6bd513f0a1560fc0108a291c82806,5
0xc86c19bcb4a42f521de2f665bc0aaaaaec9a3b64,5
0xdcb03159223ad45d5a3a97e27d8fd22312c09d75,5
0xb50834ead2db08cd4f1ad77ce63980c24c1db9af,5
0xec17319a6d849e52fc00dabe24df781cec7299df,5
0xbdbba2ec38c61152dd86487fc27e2fd4d1cb0a47,5
0x3a5926ce520b2de2c968180bb6e1de1e4dd558b0,5
0x5e494ea673cf1b46286f58f98ca2ebc29528813c,5
0x0cbe1fba05102c34365a742af159efc5a93d1a68,5
0x3e3e48566640cd5e5773655bc80ae5e40e10208c,5
0x48983992ce3e6b3f8dc3d2f0f76340b10864f8cd,5
0x4f207c045d826ba6d540ff4855c05a219d1aa187,5
0x4415671b5cb0e0870e265ab6cde3a2172a923d66,5
0x61f6f6680d2dcc792822748167e8478fc7b21b5f,5
0xe19708b0c440fe4126b1952962f9236c8d17083b,5
0x47be76c88a18ebf7206d47785aba110f8e192e9b,5
0xa63d7880fd45f9dd29dd80a43a9aa209dd621746,5
0x53827bbcf5b1317ce0b2c715fead140b191f5fd4,5
0x017347cb75ac8725608e593ea35d83f9b2b3cfb8,5
0x81840b3ed178bdf2f064a71aa29ed7f905337d31,5
0xcc8fe8a1648705a5c6119c5d37eddf237cca244f,5
0x38a0e6db30a04c0e31dc023f33f6d860f145bf78,5
0xbd79140e99292b42ae908817f7ea789b1a0bfe25,5
0x075d437995667e9fd1d5f313e47122855cf176ae,5
0x1ccd2496090c53687572edc2b62c3b58b6799bbd,5
0xa6df619b809eeaa49c7b166be3cd7c99acdf0754,5
0x3c85ec90d19d56a93f3a662bfefb2072a38de309,5
0x7db1f1f1814cb3c6726b0273089005230d22f403,5
0xdbaf6f4434a3b60b7461a0ae50c2083fe19d5cdb,5
0x08eef1c4a38256f6ebf3fa1bd039140684873ebd,5
0xf30cb44c2d0a37e9f77ed89bdbb7e90be0eb6329,5
0xbecfceb63dba0314c1dae3929104bbdb9e25b1a3,5
0x87f669c0ee22c42be261dd74143e716748ba11ba,5
0xfaf64fa8bac82409b7f19a860ffd0b6539b08b63,5
0x6682e5a8f418d998740c65e2820ed74d10ce18ca,5
0x53e22989feaae23b10d89fae60beb6447ca1c2a3,5
0xf1d968251fc105da8c42945beaa0af7486340af1,5
0xfac0e15c9c6b2fc4bfcdbd8ab496ecc045f9dba0,5
0x04fd4e0df864e5c393089d45511cf3da0ab90c99,5
0x9de91e790ba042edc8c14f20f59eacca867036d0,5
0xeebf55e1e1dcdbbf533cb921f76eb24b368c48b3,5
0x4ef0aa8a502133e5560e19fa7f6dd634c2acd714,5
0x427160e6f9b1f5b2e9b0d3b0ccebea2824ec6139,5
0xdc702604a1bd2372333a445bd4cf571e2d050231,5
0x8045bf98c2a37302f07c8a2cf078b83dd9d941e9,5
0x8948003046f815aa2ba2c121e9d7549c808093e9,5
0xbcdbc607cb3b585a6c58a78ae69bec42234cb781,5
0x1795011ea0d47f3dbd757b77fdaa3f0366208237,5
0x6dc28f1d82448ce0b600730e72b8b9c595281533,5
0x09bd6f61df3593ffff04c59f523fe1b1e0beab71,5
0xae8a7082c599023996d84e52a83efa2f498c8274,5
0x054663e5a0829955b968b93c6deed7c42bd1f4db,5
0xe2c6be57043c91312f5d38aa0e18071428b6aba0,5
0xe8f0b091e408f1fac8d26707e2d3a27989d6982d,5
0xd33a6b2bc515847e57493f10758d8f9954f347f6,5
0x65e6d2ce4c7d095a84433b6e10b4ee98507fb1e1,5
0x33ba37ba116ef45418a66aff86670a3e89ba5666,5
0x2a1cec2f1cd3929f21ccaad083ab22091da3107f,5
0xc378bc1b718e8b49ed9e6665ce978291bf67b6b3,5
0x4cbba098a091a53d7402bc84aa8abc5591ed9fe0,5
0xb3c2cce69df693ce8a3c220d6ff33cb4ee358714,5
0x93fd6afe08dd824fe4ba4c044194416922b000fd,5
0xa1e6cd3b989fa222550c721509256b2e92f74a16,5
0xec1ef8b368549575cd834a514ef1e387b52d0fc9,5
0x4bc90aba1f1369b3d11854f07df6f54b56979297,5
0xf16f5308fef728e88152b543d00b85b16dea3cf2,5
0x45da7f563269f61d0e6bfc7853bf4cc3a9ecb690,5
0xcecdc7ab78129d32a7abefc873bd5adc4b715e1a,5
0x7ca6c3e55ce32f0f4f5f3d2a38f753f8549763b2,5
0x205698ce308ac7dd4bf2cda5926836dcb0316e19,5
0x2c0fb3479dc3875b4638153a405e32da64125f3a,5
0x064f7e1d13acd1a1c303410d8db7f17c7794aaf4,5
0xb4818b8d1c7f5604ca951bea628d05a00495ee9a,5
0xef4c9d3cc7b70906df95da4a4e12d74e9b18fbca,5
0xfaf9f55e72d088f68cc01b2ff505abc11f6597b9,5
0x6e17d3a927a1cb80751ae7e8c25d46157e2f22fa,5
0x6f4514ee49c4e454fbe1e9ff2672369b98cc4d15,5
0x65d4d6014cb08545a2c8809f2603ebbc6f0dcd50,5
0xb611fd69a441f269a4ff49214f159b58c43df7a4,5
0x611d401a09b05823d6b7b1b1c64bae1326e9011e,5
0xc56377cedd517cd65d2ddd7c06920a343ca206d3,5
0x712718858e48af0e62caebaeb4cc54fa2ea18e09,5
0x2d6147a05c072e04214dcc06619d98e473d0e966,5
0xc39df8a6352425ba13b0f4b769a75de28b0db2ac,5
0x1b2c7f6e379a2c7e19dfb63461e491e82dd9632f,5
0xfd100fffe8fb419b445008941f1ea0522f5562a7,5
0xfb5ffa5219cd93dd3ba2439eb03e0bed92f455a1,5
0x207b3c1083a62e282d375a11f52730879cbfbbbb,5
0x279ab61ebeec7c354a05caa1878f269105d759ac,5
0xb314fcf5ebb2bedbac19e039da67bfcc8fcf533f,5
0xe9b6732fbaaf42b0272de85d8f8abc25d18d149c,5
0xdd9962aa2afdc842b3a09a344886e2309158c636,5
0x3a4c7ac6873316e2c62a168150c49362ea4a77f5,5
0x5f448dff3d3c339c3798f6c3265ca1b1c15ae069,5
0x087ee66cc7914c20b49ab2a2de3cfe3b08fb18f2,5
0xc7daecb3b428fb1c450d311e2a558bd00e182c71,5
0x0c280866e7ddd5bc97374a62a50857386afb6f1a,5
0x32484e0a8370047e35a748b9964823c715ba9b6d,5
0x940b41b0473cfcf53e077e158d43fb8f5665983c,5
0xf74270b9050a495d5d7a74424bd111f06dec869e,5
0x21610c14245a960a420b35422ed4f335876bf4de,5
0x1f5210c381473adb7f5a0137c19bd28d03ee2a55,5
0x9967f011290377cc9ad2b5fc4962b1064e68f60f,5
0x74316ba8bd47b17a2bb9680a68a0080c6fcdc4ec,5
0xe2a0a57e0193d8c4600ced7209e88d34552d8464,5
0xf22114474f9b856939d4e07b7095579adb3f3b8f,5
0xbbd815335ea8ddfa9bc1766cd06f64050d409b52,5
0x3514980793dceae1b34d0144e3ae725bee084a70,5
0x1e2d1b61e0e21c5abdaa2452510bd86d79f9beda,5
0xc9d3d89d51e254a9f3dd17ce153225619fe87885,5
0xfb071a6d521e1fd735b6103ab2b2622f3e51b48e,5
0xe79e00c328e0ff5436d739c2eaed3dca4a156277,5
0x39e4c6785a9f4ca46afadc1813e3fd28b9d93dc1,5
0x187a6ecd0f29c5e5d3de50fdc18aa5a7a65916ec,5
0x52af54a521dd8f5322489ddb16b4577b2cdd684f,5
0x49b3d93d811d33798401be37677e523bdbbe1708,5
0xa90ed8870669e53c8fefba6c8a1150f799793e20,5
0x3c0147890b88e3e87b42deeb3f8d646c50be0db5,5
0xe8dd28426ea7e8514500a04a4577bccb8a4855fd,5
0xb5d1d1b2b39fe37f7a1914e886fb0ad32afb9c56,5
0x9c671b4989e28a023e8c124e6e438f9196a4a4aa,5
0x194bfe2b7bcf580dd4ee26eb95cffe12fd35b1f9,5
0x449309b0d44d7307fc5f9e600a3f45899453e6dd,5
0xbec896d075a4fb73037e2ef6116063717495a679,5
0xa315fdc37ead50983a96996dcb536081c2514ae4,5
0x74dc8d6291c8de86a809f2e2367cf6843640e0e0,5
0xa142d8f2955dfb3a1f0cc63652b8df67680dee79,5
0xf8d9056db2c2189155bc25a30269dc5dded15d46,5
0x006475668e857f1fd89d2384eca4ad9119d615b0,5
0x0a8da356dc80da3a114d63e752cb42923b124019,5
0x47247ab1fe184e4c9ec69da5b9e732211da78b7b,5
0xa55dcca211f5f97f6dea1fba32b5ba84cb0c5cc0,5
0x523ae77e313a519aed5c8cc4218e8bd74790f4d6,5
0x65de6475258e3736e5c7d502d2c0a45710c9ec37,5
0x0338ce5020c447f7e668dc2ef778025ce398266b,5
0x0544f1ab9b1c7219d4e733638faa8b8050c5ed7a,5
0xa1f257f534d2ea65b2b6be420d01e552114872c5,5
0x6ad8d07b2d9c6af957a6e7ce1a4de7c2070a3c97,5
0x70b2a6a17ae26c651d49440a76d72a29d64498fe,5
0x71335173a9a4d1a5a326a9733c42e46397a95af3,5
0xfa7e88c1b20b84a329d90b4cd84ac3ba14aa4fe3,5
0x9e9081492c8c8bb906bb66da9621241d4b14f9a5,5
0x6d1f9cf37cfb93a2ec0125ba107a251f459cc575,5
0x377b52b203e551d33eec51b9a56628742441b18f,5
0x936dad3fb8415deeb3e7f69c35619c1aa63564cb,5
0x4c62bf58ea6b2d0521288031f34cce82536da9ca,5
0x4c5f5130628a13faa077c999ed83e36b8811ba1b,5
0xf7b7b50c7f5095ab139949c32d7899066af68cd0,5
0x38786039a82bf823b06eff4f395fc53d0d06966a,5
0xcb7c712ad89927d3e74ab13ffe6d68f19c22ac02,5
0xcee7f25e272477007248078dfa827130db9cdac1,5
0xbd12b682c9d0d406e090ad56091cbe728e18c760,5
0x2085241e11af2de52060d5d6f7ea1186b47f0069,5
0x6194bda4590bbdc6a128851aaaf34802dfa8e4a1,5
0xedd2b1ec11188b873337eebf911a69500e661667,5
0xc2bf53639861a84c186c5440c0579d2bad435d81,5
0x7f8686e38365c1d368f054a4d161436efa3eb829,5
0x79990e33e2d628fa5d1cfefafba4df145f26b0a4,5
0x917e6632d4a903deb74fe0c007d9d5c74af42e0d,5
0x5da996e19b7b30ecbac4e8698a927b1650f06f1b,5
0x9b8f017ede08e05f23efbe74dbd109424b09bddb,5
0x666ac76f9e4bfd5464000e9769725f3029233333,5
0x6cfab518eed2486bdc5e8605471c7b1999157363,5
0xa4e9869d07b5741e19f119ee4bc45408d4a024aa,5
0x77e5a406331deb40ddcd3c0591b32e0f384880df,5
0xda75f63b9cb1cf7668bb0ee34fa718bc1cb5bbc1,5
0x990c44410dfd0eaba5b096a1843d785e53af14cc,5
0x78431f713a15ca30ca9270fedae20109a209eab9,5
0xb34057f59b7a8068c3e778e228720a881194ce73,5
0xf429690d7f1b2ef1dd77c150831f4367e366aeac,5
0x66356dda220e0b62f79fc4e973450bd998f31789,5
0xde858e20b771002ecd5291fd4fd236f6c119a9e2,5
0x219249c0eaf39d800bad959833e1f9393f244456,5
0x5157ef1e12a8fe5f7e06a38c6c5192f141598fa5,5
0xf9233100af1df3a919b8ec0de0f77200e212bb62,5
0x8e166ebb2dc4686640bc70e47fdea1d2615cc443,5
0x60a4854bb8a3f815284a8a97b0981ba00fc7e510,5
0xae3c5338f61bec485d3047f1472a5f4bf9934664,5
0xf3e9ea195da0206ced16f293f35cb605ec7bdfe8,5
0x64501b969d695b06f40fa4eb1064f084ed70779f,5
0xbf38603af2fd47a32f46747c26c436771c760ad0,5
0xee87c01ab82eb11627f856d122d66a2265ff2fc5,5
0x519a9e9f9efc3d2e9d746d3b4ad4c607042ed477,5
0xd8657569dc06cc67691a62be572c32e01aa6582f,5
0x23f611050b2a729b85206ce4583d92c3ee2c7c26,5
0xf98f3faabc33db5d781ba5a2da687a1332d1781d,5
0x1328801fee589b5445f48ce26d0c0258901509b8,5
0x127f79892ee935083b2dee64888984f8196052bd,5
0x37e5a41e99e4efd7e98d4d743d1dd587f9b2bb11,5
0x680f6a393406de91421c98699638e46806b7bd43,5
0x928904b2e70bd09be5ea258d42137dfedfe1629a,5
0xb6ae356214a2d241e36cd3a4465a0aaf314952ce,5
0xa5bd06a4722acd345b0bf872a0780f1e1db33a6d,5
0x671d3a6f858a392bf38ae001deb178b172fe1831,5
0xeb9ab5c6ef1dc14561f1650ee174d25bc67defe6,5
0xe88ce2fdad51091fdb5adce74bc72fafc15bd2e8,5
0x9dbbad94c9682cd21015f250b330bdf708eaa7ee,5
0x76b5bcb2d3b1684e10d3266c0e919e00a69890e9,5
0xdb16b20aea18190d73423d2822b318af81e54f5d,5
0x3eb16e30e663b862198debf92e0af53e36d56ebe,5
0x26d39fc7341567c8b0bb96382fc54f367f4298ea,5
0x6717af6cef0ac26999eec6484ed213c9ff81a257,5
0xeb3584f7266151cf9273a52973c80fca48670c52,5
0xe27c5d32ff9180fcb04d095cf4ee6a4000ebe7f8,5
0x7df67073c591dfe102295a8492dde45f9b0a112f,5
0xe69864c647b0d70c1ac4e4cd15fb223b3fd55280,5
0x6fcafb3b3b71630368ea8a9a41a6aff2e84a1bad,5
0x93e36ca54a387f35b7a69f3ee2f78d0ebfe74798,5
0xe277291f7618ef49f61865abe92c1a6bcd5aef2d,5
0x77d2fae3be44abf3ef13ccbe62eedf24479113ff,5
0xda3c325ab45b30aeb476b026fe6a777443ca04f3,5
0x2dc4e2bcd2e2eccddd75819e114b89e386774d10,5
0x113224cffb35f64b0c80ad489d068c44fc32b149,5
0x431e7ecd98f7b7342f3ad4324a82960fd4eba85a,5
0x104fc8d05dbc88b251bc3c94e21d33dc2c7c0f15,5
0xc18120b4b22c78ea55f8a7acbd7d7082d3c73a2b,5
0xfe6041cb958f946bc9b6942f179cd01b8dbd26d8,5
0x8b89d26a2e79f34639dbe36617db8bf14d0d2b38,5
0x7e254fdb54ea865ea27d3bd201a5384b2abdecfd,5
0xdd49db1f95b4d6f84da40af74cd48446d136ac32,5
0xa274e83f979cad00656b4ce4f4a54e68680543c0,5
0x7a616986fcb774395cfdd9078b201f204243bd94,5
0xd8d63e6b1ecc791395e8bd9334d49b1b58eabe29,5
0x1c19ae8035e7b1f05e0295ca40212755d37ed4f9,5
0x86533b7913e4091f46ce996159d795eb9e51ec00,5
0xac43ee47499228d99a1e7738c24877f5c5cbd59c,5
0x2609ffe59282a5810e104602b5944ba8c93f324a,5
0xcfb31452d4ec11b6c1b10c15996b0a7a3cf33cf7,5
0x13950df6f9aea541a19f21eafaaccf15ca06e348,5
0x6f9bb7e454f5b3eb2310343f0e99269dc2bb8a1d,5
0x150ee744ed5f4d143b1495d8a0125d3b99e599b0,5
0xc159972adbe3aef355d3ee18d12291df8413ee17,5
0xb2d29a444711b56e80950cd33c92513b5789d959,5
0x5d0bbff6386aa8e6803018f54dffb5d563d4fdf0,5
0xfe3a266ceedd4ca69da5d73c1010d958dadeec33,5
0x1d4b8462dd9f7faa60944ef40b59e1b1e2cf34a1,5
0xb0cd2661a534a3fe22adf297476f2ced8cc56df9,5
0xc19260f9fbd68a5ef2504b0637a3adc77b42ba0e,5
0x62102dbfd4e4d3da42c605da60d43faf9e19c792,5
0x2b564248d8f4fd425f3d01a1c36817deaac159be,5
0xb5bc66efacbdefffcc9878e6de08e1dbf80a5e5e,5
0xe155eb13d4a5ee61fa7d7015451bcafe3b364a53,5
0x3e5532e3351701119e261e5a8676bd9ecda2aa93,5
0x515525a67f927a0b6a93a2e7f50bff49220452d9,5
0x867d0f0d3ef4cc02bbc933f2be8b50da0bb02057,5
0x60b1659c8b848bdbcb85f4e4792f69c90aaa3648,5
0xe2b06d9befa75004b56e8f1ea87850347e38cf9b,5
0x62ce2d9bb9abc42a1f75b1761d1c1cc0db07c191,5
0xc1ea65a47f11c69588a7b62bee914f9186995847,5
0x5cf27815411d0eac8eb726e7227fe09828a85780,5
0x4d0e8f3b6e31394ddd52991b765c8e03918bd98b,5
0xe5ca890a0ef2f128eb3267e4711c6bf3306ec024,5
0x36743f8ce4e564377c7fc64166e5e2e2bae1875f,5
0x692d1fce318f98865203a256b1024e070295c6f4,5
0x581bbe9f208129f031544828985db680489991dd,5
0x45c2dcd21e3e3c6bfa20fe8b068ab9e5de8fccb8,5
0xf5438e763d01dea46259949ef042264da61b87c1,5
0x7ed4f6e38c06eca93f485f84b83f89611e9fc6d8,5
0xdb0304f78a75c243ee7d70e71f0abb1c1bdff592,5
0xc99da92bf00287e3f11d6eb7dda88367a60ab1fe,5
0xd8d92fc084334fd131d7581bfc80349ccf68d4c8,5
0x1ca0ebcd5c516fbd6b69c1fb3130b3d3785a00f1,5
0x13069eaddf4d50ec08c94e831d7740e756837f57,5
0x0257cdaec375b8e53ceb46fc9f702a2fe04f0231,5
0x0eb47beabd9ce2cab7cbed57aa6b040975bdc1b7,5
0x51b3335c908e97d597aec4d813b0ac7b3ac26b9f,5
0x1f9529047ba89587da863d2b9971c6c3b2e37bf2,5
0x978259e821b98060290cf4269334843f8feff90b,5
0x05cb3b0a3aee2102b092f8f07398aff338d6d0a7,5
0x5f46cab3bca472a7389c658795471fe7bab1ab1b,5
0x04e0afeeb91088d5133b9b25c0ee7c5b2b0dd5ff,5
0xf15d98fb30dc2297e838992f2945af991d5661de,5
0xc6f9b8784eed7b5d904dd537748731797389cc11,5
0x654d91f78aa8138244d58b5eb5d8314f54cfbe53,5
0x4d2e03f19d28ce2c3d142eeae9f24abb0f059fe3,5
0xae7f5e219a564ff529e5c0c936aa7fed5df9d2c5,5
0xf980c5e139e849c592f3d2f35e7baa2c427c5dbf,5
0xc34cf435fe40d0b2ad253ed8d0568605d165dc2f,5
0x6f0244f4647bbac130a2aad00c776eae7fbbb4ac,5
0x57dd129276d327b11891b7ae0ba4ead59215b08c,5
0xabd700c2dc798406e9c88680a9aa61b783d39de5,5
0xddc91be35ab1131322ea3fd7b3b1fbf2f25c8080,5
0x56ee8bd11b5a385d3d533b4c2c6e37de78b2aafb,5
0x68e5952c3f194251106478bad560661f4f803759,5
0x300199a35ff5f3dd25fd30c24c6ccd3574d4e75d,5
0x96645a30e196f5f4713c29e6538eb061357a2e79,5
0x336c02ff3efb7fbded923ab9eb123e6705c7c042,5
0x79cefa536b9c28fd989798e2c8d8fcfaaf47004a,5
0xb8e4547b90fc5d5773c80716ef9c608bf14fbbfe,5
0x918453d249a22b6a8535c81e21f7530cd6ab59f1,5
0xe2c8840284feb306e6355e4dff538a266dc7629a,5
0x00686b19306cd58403b9b69e40fa26d124780406,5
0x6fd0383d95c22ceed1fb0165f48aef33468cc288,5
0x09e783a4292dc39398654394372f3ac2b0a628dc,5
0x8695afa559b1ef3cef0cbc511e8bda4d5f91aad0,5
0x59af58863f6a9368ecc50aaedd8c327cd3597d68,5
0x6346465302feaf753afc29680a0299faa53e33af,5
0x8869d9a0e8a32b8f47a1b10cf14c2db82ecbf88f,5
0x28d6d307aa1f3da669aa0aaed45ead4117866a16,5
0x10a15a78a273c719289a89f96639511fd00dd328,5
0x62b9a4c1932e9594f613b95aeadf78a5bb812ade,5
0x02d53d2c706252814d7264edb7faf15686939702,5
0x6898c66223313e5327addafa72a33728f8188ee6,5
0xd9cf6912c1ae6626f83f28d2549fd35c04ebc8be,5
0xa2fa4e9f762dfdd5d5bdd2689ebd42b95927eb83,5
0xdb5b4853ceabf6d8e08d73fddfa80f507ef9fba4,5
0x646d009e9b591f0d82ab2fbf9040d6094308f426,5
0x899cd70ad8f1b9bdfc9a179e7f6dcab6f9caab41,5
0xb5532ceb62ab83e4a0f1281f5cb9a019b16e1c12,5
0x5278d0fa9c48e7264af23dd0eaf06e75785d7777,5
0x4dc6750a016db9a96fef40d852e1faee11733db6,5
0x5f8ac31702f368d920d36f41f572ad47ed5e2537,5
0xbf07b3365686f2224aaa46bce529b1bda3f1da07,5
0x2054c49ec9d59f318dc708ae586dae0bbad13647,5
0xfddd98ab63ecc5012ab1774ca266dacc7eef0865,5
0x2bdf9c76fb123f2895e7aaa906b8fedfbe0ba884,5
0x9fa1e44dd0295c98cd0b1b03bd8a9b6bd4f84f7c,5
0x03c61b5af4708fc41393597a5de9198ecca9711a,5
0x796cd7f2a56e08440fc15ce67217363d7bb403b9,5
0x9565355f13197459f898ddcfcd268647b2afb355,5
0xecf406c8578185ba66357c799ff906827db3a119,5
0x4150fb39e22964b3c319904401a7799ef74c0266,5
0x1e299dc52eb9fdab6a6849f9731a948d8d72e474,5
0xd6531b2072b0809976b0fbc4064bbec42bcf0413,5
0x9cc88a42310f705160d6988a6fbb623385d67575,5
0xaf39929c0d2c556ee223939481c84cf5b3be4082,5
0xc084eecda4970b1bbd6a70e3c515213324c79e77,5
0x8d831f50b30abeb94253229d5ffbef72fc5cbfd5,5
0x94f8b2a94ed36c414676802e2f1156fd1f177bdb,5
0x0e8397856f6107e38e2d8fbea046bd3047cfefa1,5
0x2911bb4af656677b277908a9f3b5c996e2e37580,5
0x5b519a30991564a4399d321db5611779de115dd8,5
0x1e31863af2cb3dead74b8c9dd29107cf19ff6fc7,5
0x652d033f6a67c0f6eb3ea546ec15899a33bfa2e0,5
0x4c1c6bf9c6f8beb6bcc7d798cc0dc48ec4ed3d50,5
0x46eb92137aa15771eae8ef8f472fc0a278363814,5
0x6381a0e9b2a472bdec08bf4524e3c5ef576925c0,5
0x5d9eec88b371a3d42716ada630e66823ead3f3e0,5
0x79788f99834c0f91357b50bb4ef8a0e4bcaf83a2,5
0xeca8a6bfe9283082a06d85f38bde31760f003365,5
0x15fcee36fbc1d6755a591e97ca4c0d43a8372d16,5
0xd496b0eb47a5fec00a30d11506edad2d118ec167,5
0x064d3bd9e7aac4e1d07219261488051216f2dfed,5
0x28f0a645070d173ed0557f8ef99aa104c5abec19,5
0x3b6703c5c3b83a828cbb1fd782f54cdc85220df7,5
0xd5df5825b84ce4a3eadbfb31fe6a465a548f7ae5,5
0x4748629b341ae21d5009ae425dfa79e9fd852282,5
0x882c8e57cf50ea8563182d331a3ecf8c99e953cf,5
0xba2b4240ac736382b3549cffe317ef6868b5cff1,5
0x08bcb582ff7f75d6a79426232f32fbb994701515,5
0xa3e49fea82d17326636cece9c8c090edf013dccb,5
0x1d40bc3471ff77a6ab8da67d90a8f1f212479672,5
0xd9a64ab214cc849ae97c67a40caac2a71e38acf3,5
0xad0f4b5bd7682aa7b87c94c4dc7671f37fe00c78,5
0x543f88a3cb782ec801ea5af7f53f685e56060640,5
0xe67ac23d6c555e9348c1086ada7e03e3f999c5d6,5
0x8e3894e7db5b5c91aa9ba58d45aac38d00ea5fea,5
0x78e0bc5322928704de27b2c4a54ef93f269c328f,5
0x80575eaaa4a04ec867d8b179abadc162974ca21b,5
0x963a7955718d85e6bf3ed93f0ba21dc7f9254771,5
0xb8ac2d0230340b20c242305dae7728905e44ad63,5
0xab07d23da36ce19bb4cfe81408750f65a0b2455e,5
0x17d9906184565a4c187ec438ea12e4cc241057c0,5
0x22080792a43c0d34c7d83fdce5d9b5186b4eaf64,5
0x283aefa8e37e9f49175a14d65162b3eb606113e6,5
0x44239db3d29828d05227b02c2e5b23a5c6919e44,5
0x61f5226f0675c179b73d84f663c3a00636de23a4,5
0x4612f6ccdeece14255a757395477907d5f33038c,5
0x4fbef602c296b3518d456c3d3e1181383d8eb8ac,5
0x707502591380bcfa98175486a38c15ce90e82097,5
0xf1f700e1ec6dba41d3fefc9472172246b354ca0c,5
0xd211003896b3a31586f536618d3d14d9dc79fc84,5
0x57f3dfd2675615978808285b74d6188caae37007,5
0x8637576ebdf8b8cb96de6a32c99cb8bda61d2a11,5
0x0dfa971d29ef0d9540356a5b6d2f7cb9dc4fe3ba,5
0x65e8e8f593a7a72acf0b100e5c5fa858ba1e37d9,5
0x634345f05cf637812434fd4989fd267027d9a3d3,5
0xffe622a2550ea5cd9d43aa4955df1c52e8aa41ae,5
0xb400966a30040d3af65d8894b727abe906c7c12e,5
0x31bedb3962ab3a1d2a2e070853aa5c4acdb734f4,5
0xf41dc24cb55153fd951cc0f01ac2441518bc7edc,5
0x882ff1134f17017fe2c1f4b464eee7d4f0b0d476,5
0x6cb6c6339e50a0d571ac3e52ec2ebec8ad745506,5
0x6515093e3f4e795980d164f4a17c7459db4e2460,5
0x54a51069a3d9a059a83a28faedcf4bbdbbbe7d10,5
0xfd22004806a6846ea67ad883356be810f0428793,5
0xe582794320fa7424a1f9db360a46446244065cb5,5
0x3a0cf04057ac6f6cbc05756b9c8c1fd3f9d3b5fb,5
0xdb29bb006ee1a3f9666829193420f3e0eec8506c,5
0x697c6d7f1a1d94545b30a2cbd278f8de40e204ea,5
0x4c1c5305cf4ccb4d159e6538663e5eb8db120479,5
0x4e8ae7bfe73fd99bf8c38f7f60f0401cf28568ee,5
0x05a3697b3834b2f9d3eef0c311babdbf3b920f97,5
0x592a047a233dc206c80d6dfd72bd158e07995180,5
0xb299d139f718dd6b36717b18e60ee4323411bfb5,5
0xdabd0d8cf23c877030fc6a08ecc8e5abc925328c,5
0xa1169dc157a7808c355ebb96bf64fdb47269bedd,5
0x8e050254ecfcabba0d9e3194d5923cc65b5bb44a,5
0x247405cb3bb8901fc686ddb9cce107975c71125d,5
0x612124b2195f14396c037447a30bde421ddc050b,5
0x225c4cfc17d5ee7bf3e682396b12c0f6a7709d7d,5
0x299b3001ff61301972b206ebc77a1ec7d64cd6e8,5
0x0fc6fe8ed427ca62ef70151be1ce3668004ed64b,5
0x35e3a5f9a59a441f5b87416ed68eb99753e59171,5
0x82dbe88f5e7e420d5cb8e9c32e639a01a942dbd3,5
0x38e8362c0c0751fa1a16762bdabad68728f08a95,5
0x620051b8553a724b742ae6ae9cc3585d29f49848,5
0x58f50d77eca260e097d2fef2c17aeb21be5f098d,5
0x22a6c748dc711aa485d6933652afd76eb7de9fc8,5
0xe18fc96ba325ef22746ada9a82d521845a2c16f8,5
0xbf793f554d854961d664be70f1e7cb22152badaf,5
0x77feb1c1bb8f23b3f531cb1ff60838bc982431cd,5
0x68706c9eaae9f8e29c980bb02213a2ebe425316e,5
0x804bd6656ce8ee1235ecf256c30b91c8d747c5af,5
0xf89c7d48c413eb6caa787c965c8c902147702c9b,5
0x9ca69c07e04315a8b0dc95156bb038609564a0aa,5
0xeb3f800cd9b3c3ee0ee1b5a1f7b2772bf09c7d25,5
0x957ea7523bce280c95c0a474843f0641fb265ac2,5
0x8a84624220b72529b5fed8c5fa693b7bb75e246f,5
0xf83abc519e046c5391d219fabf1a3c87dd5924d3,5
0x909a9160d4cd76505cee7f90e862a39541949f7f,5
0x34ff7d54e31d0b31fe1f0263d4a4d7db39a849dc,5
0x6e6ba9d8d739ff98bb4445120ae34db28b1f3622,5
0xbeec0e702f369587e037264739587025b97a9590,5
0x892bcf9d249c2634efbf31cd1606843929a3f9c8,5
0x2b8aeb09e614559345e1ae579089a4588205f680,5
0xcde6ecb640520974181272f2f4b0d91f33041c46,5
0x60b5d29e7b30a7cbc7ead070b42d64fad1265613,5
0x398e3896e090b71522cfaf89c55864595f890927,5
0x40fc036b6660338eb286f0b6a5d076ae4b91daef,5
0x82397c3222c3797aa8c01eb05c316070281cd779,5
0x33e66f306c34c7acec2ab467a444696f7ccf55f5,5
0xb85638a9f6b26c25fbd50da2d4bfecc9e883b00b,5
0x23322b782b18cbc6c325824744f4d301dc6bd3bf,5
0x3ba82ff0bcdcee768b3027144a00f48a77124990,5
0x924434d72ec817900e31f3ffbe64c585511831a8,5
0xdcffba1d4c215291531da9d8f15d835a454cd5ed,5
0xf12f2fd08c8331b5d06ecd6f57d0b6808403a522,5
0x8143aad694567424162a949c1580c91d03437858,5
0x5d19fdd7453dca36e9ae5c51dd036f3f32f38a6e,5
0x5d306c15447fc924b3d0834beb7363180780a7d8,5
0xd6ff6655fa6d758a2cd5eddd7ad8ce72a54fab50,5
0x1601ab62d0ea3f8627ce5a5e9c7b1e1eb64ef9b7,5
0x43f24bb977311a100efb20ac70ffc08960fa3421,5
0x03933b328dd6d421e2cc842d450f739ad0f89f76,5
0x38b532dd5c30b4e9c8a5b77765edab7078f4b83a,5
0x1282ff797980c92ab11e3c0087b1be03295e3611,5
0x7983f91136900a15a9cb19088e98bc6f28dc8d53,5
0xc3ee4a15dfd406487ee174c97d021d6c1f32c8fc,5
0x36fc0887ed2b4300a4ebde44cdc1a1e00812fd4f,5
0x2206445d241ccb7dae93b2d2acfc67f75b90fd76,5
0x34092ce00826da047acac0ddd0b366eda43bf0d3,5
0xb2ae49c0ae0a0cbefb3cd050de7915516d0c3082,5
0xa537c888da24963d99cb214ee3deeaaa58848b7a,5
0xe6e63b3225a3d4b2b6c13f0591de9452c23242b8,5
0x3d37e887be610bfbfe09e06a7986df5eb4974587,5
0x235fb978fce02c0d4f712da59af9ac730ca86372,5
0xb9cf94ccf5527fb9b1de02e5fb15a1620ce02f3c,5
0x03b13f29c006a7fa6e44859d1eaf60a2814ee7f2,5
0x3cdb0a79d25bd50e1dd819d5edcc2892d57008da,5
0x137e55cb175573765bd0ccbe84656551384a6112,5
0x49ebd690de4d87d160d535f5c7aa1d924f86d7a0,5
0x3d678f3c626bf8e90aa09fc63e5eeff5e3cdc0f7,5
0xb7f70e01fc9b5ea2d99a90312109cadd6336f5c3,5
0xb97c5725c29f96daaf8952b051564acf7f9fb626,5
0x2aa21c914c5d43cb917e68ef263909f166b8ba79,5
0xeab7cd40143bdf4b1bf360e6717914ca022b8ea6,5
0x6e642903900607f9af4444d2cd565d09a10e4c9c,5
0xdf8009dd5c01276eb9edbb3e3c3bd6b1698e1b55,5
0xfb5a180a2a4b32525939027118cec4dd37b415d9,5
0xae6f20d4f7627cba123f20b21b5be8b0a752ba88,5
0x0b599e572d8ceead4ebfbcf79f1f2cc1a7431330,5
0x5c6531d7d9b6538d37ebb7dd4e05df1401dc4666,5
0x1fb4a6df797e6c90039f4b42caccbd86ecec74a3,5
0xa9c28eb83763d33ebeb279109f1b3913774fb01c,5
0xa7dba3be8fe889bb2931e5d8a6fef39de285de96,5
0x9e20c115a8820b5717dff741039c06c2a2fa5fe1,5
0x77199584c50b6ed0029bc04eb34b69b395d58a48,5
0x150bfce988ce2f4a41666248ff2e4e1304dc939b,5
0xb0e0ebc022688040403ed4a2c0948a54d89024df,5
0x5019102c5459ed5d739945a083e8f44c4e3bacb9,5
0x84a4f9bd757d46d7e1be58630ba7839d3fab2eef,5
0xb347dd642e9b20be829abd986a3c16d3e5cf1ffc,5
0xbeead6a5b85fb5e0eacbe7a4c3ee19cd1b7b0f04,5
0x78c36e37de3a18212bac30ea5ca2314c48573a74,5
0x92c4317830af63462064b9b120f9c094ba428890,5
0xcdad7eb21046e6f385aea7d274af6dc692c597db,5
0x08a8e4ace24d037f06e3b109de47503ac31f1695,5
0x55de7b029815e23cd3edd220f96d95a23c4e3b17,5
0xfaecfe2de3b865086294d6905368aeff5c34bf6e,5
0x46e519310a22f2236e22bdb93fd0dfd52db3df30,5
0xe6d2a9b56701d3180d218717141670ad720e479f,5
0x4b3e362b40fcf2a42429a422d9b5f10c70a01575,5
0x341ba554cab30585d1d33ad2567a6c424e489d18,5
0x4687f6b19b5ceea0cd50eca6711127b23602deac,5
0x9e108bacf7dec3c3fb3efd90a7b71d65dfec8980,5
0x60428c03c057e1b8165f3e29970a22b27dd96bc6,5
0xf1cfabb5ceafacab1341537b205bbc1ec131c0b3,5
0xbb11ddc26f4e55475775310e5cbe188650e75212,5
0x9fc604dcd2fce11921d2f6902ac83b29651ba8e6,5
0x4e12a47e85ba49429c507eb7cba61882cba7688b,5
0x913735e6d76b6b954ca799511244ff430cda642f,5
0x5156300e2832d60ee1dd8c8803da260fddfd240d,5
0x11dcf0498e9ebca2f8f3ca01a9cbbd9b8fb23b91,5
0x14882b6cd9909d74c07e66735a806f4d7d40cbfe,5
0x05a99aa70a5670319eaa572c628c75903568f400,5
0x9b1fd61c82c08585a03cea4fac9261954b1ab1a7,5
0x2f96095e7c56f69da2d576286da97849adb2ac4a,5
0x56b99c993e6797bcc7e7fcbf5129e87901a20148,5
0x9e4e20728fd18abd9ce196603e7a235294f96248,5
0x22838595da5b84dbccf8d40db18c8413c77f807c,5
0xd0da2694638cfb972e5566860c52c9b94493501d,5
0xd6712aff1f4bc7705ff6bc1e26545054df45abf8,5
0x5766f22deba1b6c61e1734f25efa11138ee66fcc,5
0xf6fc2971c5c0393cda1794e544d9a8aeb334a9dd,5
0xa0ccc9f1a2783efe0c953062e22916602023f713,5
0x85ea4171aec13c433b87a303f9c6dda1da4c619b,5
0xecb27a6edffcb3be11cc004868cc23fd19d9fde4,5
0xa31102d2f4c612496f50713ba58b7944f9d212a6,5
0x7f17af2447bb713a46072072cc9a630c2aabe27b,5
0xfdbe268d9dea7af7077fe39ba52b34e43781faa6,5
0x0d128e738f57785a76e9b7b25b5ea57954c57c38,5
0xeae21074923c415f3aa486e3f9ccddc71ff4f07d,5
0xd10d4e70dd19773b51f3fc50897d22b0ed768b5e,5
0x739fec854a68d93cdbb87d74e46a42210e1f199d,5
0x0fdab28612b8202926485c4893865edd87f73a27,5
0x7afa33a1287a4ed405af664edf30ea3941912365,5
0x8463d6ffcbfb56bf20ab2e1111f9a0e8359533f2,5
0xd4fbc7b5fd700f9f1cac79d501b3d5704e2a4aca,5
0x9de845f48e20f4a983fccb78a1e4052f27423479,5
0x1d118ac42a11d6f726a5b87d35cee1dff5ef6ab3,5
0xed98464bda3ce53a95b50f897556bede4316361c,5
0x600fe8ab84b53290cfd8cf6f7a61e2d65119f0cd,5
0x74456cf397975601d7924ee113bda64f9024efab,5
0x56ca0b9cfc2e88b5fadf1b37c77908265148ef2b,5
0x7bb718b04e23b7648f146bd5995aec7e70bddb55,5
0x9d4b56129e23e3890bb5e38504b6f1b9643b139a,5
0xdba9d7bf6d5f6e3e537bb9f4069dcf01bd0ee310,5
0x8c8bfa1b4ba3b71838f2386aaeba8c5753963903,5
0xf62969a3ace871a325907f87e8058cd72dee1655,5
0x507cb3192622ae463215e16f2eb7b53135ae3eb4,5
0x1d2379f03f485cf662b67fe763f4bfa2cc595834,5
0xce46f96c28ff51209dca0c1f5391abd67977d0c4,5
0xf882be84b8340d5107572ed2ce28421cf2a2f07f,5
0xa5437c9d2f62f79ae22b1dbd0a735feec7cef6a7,5
0x0b6d63ff37188101946f6007812aad5d6202af64,5
0xcb9cebfa5b96444eb91021e44c8486def08094c7,5
0xf26f19440e522bb419070bbd50b9d0296e853dfb,5
0xc3729c70ea7ebc0aed7d02d68e8cae89b49ae499,5
0x241ba97a9a5570fb6740f954a37dcd9b9b50fa70,5
0xf58195de3af91aff1f8dd559ad41f88f1b6c4aaf,5
0x27b5cdf57990b9c88fda6ea483fe2849ce6e7cbe,5
0xbcf025515bf6ba584be55da106ff06a06b6335c1,5
0x0fe9b7061ab1e2e06571bb433023b4a7ef1b2cc6,5
0x7f23534387ffbd9c5fff4868c34be54c69c684cb,5
0x16bd65bebf6c2a0fef8c76e9ebe665afbb0ae7a8,5
